"Name","H","AB","BA","Rating"
"David Aardsma",0,1,0,0.32257535052749
"Jose Abreu",178,613,0.290375203915171,0.812445946621313
"Dustin Ackley",55,238,0.23109243697479,0.37157065761168
"Austin Adams",0,1,0,0.32257535052749
"Cristhian Adames",13,53,0.245283018867925,0.287971558594194
"Matt Adams",42,175,0.24,0.409788312197349
"Ehire Adrianza",21,113,0.185840707964602,0.240385107982609
"Jeremy Affeldt",0,2,0,0.241931512895618
"Jesus Aguilar",6,19,0.315789473684211,0.342446623538102
"Nick Ahmed",95,421,0.225653206650831,0.506860259037565
"Hanser Alberto",22,99,0.222222222222222,0.281301381009731
"Arismendy Alcantara",2,26,0.0769230769230769,0.110057705625459
"Abraham Almonte",58,232,0.25,0.404125810694012
"Yonder Alonso",100,354,0.282485875706215,0.60217013166912
"Aaron Altherr",33,137,0.240875912408759,0.362823789015158
"Jose Altuve",200,638,0.313479623824451,0.836973085988626
"Dariel Alvarez",7,29,0.241379310344828,0.281433647236111
"Henderson Alvarez",2,6,0.333333333333333,0.365856305474972
"Pedro Alvarez",106,437,0.242562929061785,0.534568828508516
"Alexi Amarista",66,324,0.203703703703704,0.414215208567914
"Brett Anderson",4,47,0.0851063829787234,0.113470090353343
"Bryan Anderson",2,5,0.4,0.420292842045151
"Chase Anderson",5,48,0.104166666666667,0.127503680555261
"Cody Anderson",0,3,0,0.193545210316494
"Elvis Andrus",154,596,0.258389261744966,0.707414593530577
"Matt Andriese",0,1,0,0.32257535052749
"Dean Anna",0,1,0,0.32257535052749
"Nori Aoki",102,355,0.287323943661972,0.586151313066903
"Elvis Araujo",0,1,0,0.32257535052749
"Chris Archer",0,5,0,0.138246578797496
"Oswaldo Arcia",16,58,0.275862068965517,0.31389815980208
"J.P. Arencibia",22,71,0.309859154929577,0.412386361821846
"Nolan Arenado",177,616,0.287337662337662,0.84011215881387
"Joaquin Arias",12,58,0.206896551724138,0.249126187692478
"Jake Arrieta",12,79,0.151898734177215,0.184383136120392
"Cody Asche",104,425,0.244705882352941,0.53474862014104
"Alec Asher",2,6,0.333333333333333,0.368889789428751
"Nevin Ashley",2,20,0.1,0.14051651787589
"Alex Avila",34,178,0.191011235955056,0.317152834028769
"Luis Avilan",0,1,0,0.32257535052749
"Mike Aviles",67,290,0.231034482758621,0.439255522148935
"Dylan Axelrod",0,2,0,0.241931512895618
"Erick Aybar",161,597,0.269681742043551,0.716307826228929
"Burke Badenhop",0,1,0,0.32257535052749
"Javier Baez",22,76,0.289473684210526,0.38163609799968
"Homer Bailey",0,4,0,0.161287675263745
"Jeff Baker",15,72,0.208333333333333,0.253624145040296
"Scott Baker",0,3,0,0.193545210316494
"Collin Balester",0,1,0,0.32257535052749
"Jett Bandy",1,2,0.5,0.486943215859347
"Manny Banuelos",0,3,0,0.193545210316494
"Clint Barmes",48,207,0.231884057971014,0.389696397946722
"Austin Barnes",6,29,0.206896551724138,0.238352734076954
"Brandon Barnes",64,255,0.250980392156863,0.469372222985564
"Darwin Barney",7,27,0.259259259259259,0.293418116240643
"Tucker Barnhart",61,242,0.252066115702479,0.528879090283854
"Steve Baron",0,11,0,0.0744404655063439
"Chris Bassitt",0,2,0,0.241931512895618
"Antonio Bastardo",0,2,0,0.241931512895618
"Trevor Bauer",1,6,0.166666666666667,0.243529279230178
"Jose Bautista",136,543,0.250460405156538,0.683166269750627
"Mike Baxter",14,57,0.245614035087719,0.284655297636598
"Brandon Beachy",0,2,0,0.241931512895618
"Gordon Beckham",44,211,0.208530805687204,0.397711069758913
"Tim Beckham",45,203,0.221674876847291,0.356517617000312
"Dallas Beeler",1,3,0.333333333333333,0.393400601994635
"Ronald Belisario",0,1,0,0.32257535052749
"Adrian Beltre",163,567,0.287477954144621,0.78890937679355
"Brandon Belt",138,492,0.280487804878049,0.699899719065498
"Carlos Beltran",132,478,0.276150627615063,0.619783091056197
"Christian Bergman",2,12,0.166666666666667,0.219272013188151
"Doug Bernier",1,5,0.2,0.284032808649177
"Quintin Berry",0,1,0,0.32257535052749
"Christian Bethancourt",31,155,0.2,0.312397837277408
"Chad Bettis",2,29,0.0689655172413793,0.097990523828971
"Mookie Betts",174,597,0.291457286432161,0.8295255251109
"Jeff Bianchi",0,2,0,0.241931512895618
"Chad Billingsley",1,13,0.0769230769230769,0.130499155731019
"Greg Bird",41,157,0.261146496815287,0.377957696939042
"Charlie Blackmon",176,614,0.286644951140065,0.879691229221676
"Carson Blair",4,31,0.129032258064516,0.170735941495177
"Andres Blanco",68,233,0.291845493562232,0.60755509124984
"Gregor Blanco",95,327,0.290519877675841,0.610054357342561
"Joe Blanton",0,4,0,0.161287675263745
"Kyle Blanks",21,67,0.313432835820896,0.401179915534086
"Michael Blazek",1,4,0.25,0.330411572458952
"Willie Bloomquist",11,69,0.159420289855072,0.203724257386734
"Brennan Boesch",13,89,0.146067415730337,0.204491209239447
"Xander Bogaerts",196,613,0.31973898858075,0.970524908914132
"Brian Bogusevic",15,58,0.258620689655172,0.300694898422938
"Mike Bolsinger",1,38,0.0263157894736842,0.0500007848470646
"Emilio Bonifacio",13,78,0.166666666666667,0.226151659724973
"Jason Bourgeois",47,196,0.239795918367347,0.365715810423488
"Justin Bour",107,409,0.26161369193154,0.628948694278121
"Michael Bourn",101,425,0.237647058823529,0.554940164789647
"Peter Bourjos",39,195,0.2,0.324914683849434
"Archie Bradley",2,14,0.142857142857143,0.185332096221305
"Jackie Bradley",55,221,0.248868778280543,0.43200942047822
"Michael Brantley",164,529,0.310018903591682,0.803936927489431
"Rob Brantly",4,33,0.121212121212121,0.170626591812114
"Ryan Braun",144,506,0.284584980237154,0.777869772521457
"Ryan Brett",2,3,0.666666666666667,0.58592502171268
"Jake Brigham",0,1,0,0.32257535052749
"Reid Brignac",1,13,0.0769230769230769,0.132377667986425
"Socrates Brito",10,33,0.303030303030303,0.338884400004444
"Aaron Brooks",0,2,0,0.241931512895618
"Domonic Brown",43,189,0.227513227513228,0.349887422428545
"Trevor Brown",9,39,0.230769230769231,0.272819039874337
"Keon Broxton",0,2,0,0.241931512895618
"Jay Bruce",131,580,0.225862068965517,0.595526462602481
"Kris Bryant",154,559,0.275491949910555,0.848703515321333
"Clay Buchholz",0,6,0,0.120965756447809
"David Buchanan",4,20,0.2,0.230729668422585
"Mark Buehrle",1,7,0.142857142857143,0.223436529429305
"Madison Bumgarner",19,77,0.246753246753247,0.298735925726952
"A.J. Burnett",5,42,0.119047619047619,0.150996167413688
"Billy Burns",153,520,0.294230769230769,0.708341624759111
"Emmanuel Burriss",2,3,0.666666666666667,0.587911224336367
"Drew Butera",21,107,0.196261682242991,0.240118661005355
"Billy Butler",135,538,0.25092936802974,0.702118946106873
"Eddie Butler",1,23,0.0434782608695652,0.0790412032198629
"Joey Butler",71,257,0.276264591439689,0.423153067889773
"Byron Buxton",27,129,0.209302325581395,0.34454900649595
"Marlon Byrd",125,506,0.24703557312253,0.692309425648386
"Asdrubal Cabrera",134,505,0.265346534653465,0.624240515265672
"Everth Cabrera",20,96,0.208333333333333,0.289934400557905
"Miguel Cabrera",145,429,0.337995337995338,0.747738161211823
"Melky Cabrera",172,629,0.273449920508744,0.73696214037864
"Ramon Cabrera",11,30,0.366666666666667,0.399041522803913
"Trevor Cahill",1,7,0.142857142857143,0.219144157762383
"Lorenzo Cain",169,551,0.306715063520871,0.768276740948899
"Matt Cain",0,16,0,0.0537625584212483
"Kole Calhoun",161,630,0.255555555555556,0.709022058094937
"Orlando Calixte",0,3,0,0.193545210316494
"Alberto Callaspo",54,230,0.234782608695652,0.420022225740939
"Eric Campbell",34,174,0.195402298850575,0.311890356730648
"Mark Canha",112,441,0.253968253968254,0.586280137498506
"Robinson Cano",179,624,0.286858974358974,0.82383207076103
"Carter Capps",1,2,0.5,0.487721054132441
"Chris Capuano",0,1,0,0.32257535052749
"Fausto Carmona",0,2,0,0.241931512895618
"Matt Carpenter",156,574,0.271777003484321,0.751092385923946
"Carlos Carrasco",1,1,1,0.646615313487775
"Ezequiel Carrera",47,172,0.273255813953488,0.467455498479313
"Chris Carter",78,391,0.199488491048593,0.453909047445683
"Curt Casali",24,101,0.237623762376238,0.30248731199222
"Andrew Cashner",5,60,0.0833333333333333,0.106854122831117
"Daniel Castro",23,96,0.239583333333333,0.335044619967817
"Jason Castro",71,337,0.210682492581602,0.417647707291497
"Nick Castellanos",140,549,0.255009107468124,0.657445474191755
"Rusney Castillo",69,273,0.252747252747253,0.456308905773983
"Starlin Castro",145,547,0.26508226691042,0.732205285172284
"Welington Castillo",81,342,0.236842105263158,0.459516961902964
"Garin Cecchini",0,4,0,0.161287675263745
"Darrell Ceciliani",14,68,0.205882352941176,0.255814797263463
"Juan Centeno",1,21,0.0476190476190476,0.0883971953140817
"Francisco Cervelli",133,451,0.29490022172949,0.801517515572073
"Yoenis Cespedes",184,633,0.290679304897314,0.831186566472309
"Jhoulys Chacin",1,8,0.125,0.195107515408629
"Andrew Chafin",0,3,0,0.193545210316494
"Aroldis Chapman",0,1,0,0.32257535052749
"Jesse Chavez",1,3,0.333333333333333,0.39320433701417
"Robinson Chirinos",54,233,0.231759656652361,0.406354456036762
"Lonnie Chisenhall",82,333,0.246246246246246,0.460985472369963
"Michael Choice",0,1,0,0.32257535052749
"Shin-Soo Choo",153,555,0.275675675675676,0.740603342269637
"Tony Cingrani",0,2,0,0.241931512895618
"Pedro Ciriaco",37,142,0.26056338028169,0.363928206682496
"Steve Clevenger",29,101,0.287128712871287,0.428652596495615
"Tyler Clippard",0,1,0,0.32257535052749
"Chris Coghlan",110,440,0.25,0.572943886809977
"Chris Colabello",107,333,0.321321321321321,0.66411174374227
"A.J. Cole",0,2,0,0.241931512895618
"Dusty Coleman",0,5,0,0.138246578797496
"Gerrit Cole",9,60,0.15,0.173836476919135
"Josh Collmenter",5,27,0.185185185185185,0.211914091436535
"Tyler Collins",51,192,0.265625,0.390272043268774
"Bartolo Colon",8,58,0.137931034482759,0.190954701834577
"Christian Colon",31,107,0.289719626168224,0.371635833202601
"Michael Conforto",47,174,0.270114942528736,0.50761183091444
"Hank Conger",46,201,0.228855721393035,0.364204506931023
"Adam Conley",4,18,0.222222222222222,0.251767835523834
"Tim Cooney",3,10,0.3,0.327856895473851
"Scott Copeland",0,1,0,0.32257535052749
"Patrick Corbin",3,25,0.12,0.149156495353899
"Carlos Corporan",19,107,0.177570093457944,0.226613336835846
"Carlos Correa",108,387,0.27906976744186,0.563240758271839
"Kevin Correia",1,6,0.166666666666667,0.243557772167482
"Jarred Cosart",1,17,0.0588235294117647,0.104197607948305
"Daniel Coulombe",0,1,0,0.32257535052749
"Kaleb Cowart",8,46,0.173913043478261,0.199547962215225
"Collin Cowgill",13,69,0.188405797101449,0.241130611821611
"Zack Cozart",50,194,0.257731958762887,0.45610273086509
"Allen Craig",12,79,0.151898734177215,0.188290464342881
"Tyler Cravy",0,8,0,0.096772605158247
"Brandon Crawford",130,507,0.256410256410256,0.770541567568551
"Carl Crawford",48,181,0.265193370165746,0.424951481293905
"Coco Crisp",22,126,0.174603174603175,0.242967908909526
"C.J. Cron",99,378,0.261904761904762,0.557487397895589
"Nelson Cruz",178,590,0.301694915254237,0.805262320298047
"Tony Cruz",29,142,0.204225352112676,0.354101116044746
"Michael Cuddyer",98,379,0.258575197889182,0.526191353046242
"Johnny Cueto",6,37,0.162162162162162,0.185674485241462
"Todd Cunningham",19,86,0.22093023255814,0.285229371963995
"Cheslor Cuthbert",10,46,0.217391304347826,0.266624011367439
"Jordan Danks",0,4,0,0.161287675263745
"Chase d'Arnaud",3,17,0.176470588235294,0.244006686789621
"Travis d'Arnaud",64,239,0.267782426778243,0.467852128560022
"Chris Davis",150,573,0.261780104712042,0.802502713801507
"Ike Davis",49,214,0.228971962616822,0.387014393307334
"Khris Davis",97,392,0.247448979591837,0.492610873514556
"Rajai Davis",88,341,0.258064516129032,0.543219073491285
"Zach Davies",1,13,0.0769230769230769,0.13065639948286
"Alejandro de Aza",85,325,0.261538461538462,0.516835206506726
"Cody Decker",0,11,0,0.0744404655063439
"Jaff Decker",6,28,0.214285714285714,0.242258491966385
"Justin De Fratus",1,3,0.333333333333333,0.392125008279051
"Jacob deGrom",11,59,0.186440677966102,0.230490367681352
"David DeJesus",67,288,0.232638888888889,0.400735704487065
"Ivan De Jesus",49,201,0.243781094527363,0.417485632011279
"Jorge de la Rosa",3,48,0.0625,0.082549378431068
"Rubby de la Rosa",6,64,0.09375,0.125164638659389
"Randall Delgado",0,1,0,0.32257535052749
"Matt den Dekker",25,99,0.252525252525253,0.335759828515648
"Chris Denorfia",57,212,0.268867924528302,0.475702893239592
"Anthony DeSclafani",9,58,0.155172413793103,0.185331534558724
"Daniel Descalso",38,185,0.205405405405405,0.381194611625906
"Delino DeShields",111,425,0.261176470588235,0.568463548103864
"Ian Desmond",136,583,0.23327615780446,0.676281608303495
"Odrisamer Despaigne",2,30,0.0666666666666667,0.0953102295572631
"Ross Detwiler",0,1,0,0.32257535052749
"Elias Diaz",0,2,0,0.241931512895618
"Jonathan Diaz",2,13,0.153846153846154,0.201116193862892
"Alex Dickerson",2,8,0.25,0.309366919826408
"Corey Dickerson",68,224,0.303571428571429,0.527279719229244
"R.A. Dickey",0,3,0,0.193545210316494
"Derek Dietrich",64,250,0.256,0.433384036645906
"Wilmer Difo",2,11,0.181818181818182,0.231920555252166
"Chris Dominguez",6,23,0.260869565217391,0.295216396474302
"Josh Donaldson",184,620,0.296774193548387,0.863955512709464
"Danny Dorn",5,30,0.166666666666667,0.195023999651968
"Brian Dozier",148,628,0.235668789808917,0.675941531068965
"Stephen Drew",77,383,0.201044386422977,0.537049961293935
"Brandon Drury",12,56,0.214285714285714,0.283151435272066
"Lucas Duda",115,471,0.24416135881104,0.6092144665
"Brian Duensing",0,1,0,0.32257535052749
"Matt Duffy",169,573,0.294938917975567,0.79247491841942
"Matt Duffy",3,8,0.375,0.405620481247406
"Michael Dunn",1,1,1,0.648660760376993
"Adam Duvall",14,64,0.21875,0.273465086670965
"Allan Dykstra",4,31,0.129032258064516,0.163011263907612
"Jarrod Dyson",50,200,0.25,0.373413387638932
"Ed Easley",0,6,0,0.120965756447809
"Adam Eaton",175,610,0.286885245901639,0.775343313534622
"Carl Edwards",0,1,0,0.32257535052749
"Jerad Eickhoff",2,14,0.142857142857143,0.193387344770754
"A.J. Ellis",43,181,0.237569060773481,0.371953102421006
"Jacoby Ellsbury",116,452,0.256637168141593,0.571192085043264
"Jake Elmore",29,141,0.205673758865248,0.305505693345503
"Edwin Encarnacion",146,528,0.276515151515151,0.722607309277911
"Nathan Eovaldi",0,5,0,0.138246578797496
"Robbie Erlin",0,5,0,0.138246578797496
"Alcides Escobar",157,612,0.256535947712418,0.762465263816751
"Eduardo Escobar",107,409,0.26161369193154,0.598978952911509
"Yunel Escobar",168,534,0.314606741573034,0.852459162058668
"Danny Espinosa",88,367,0.239782016348774,0.59706417092337
"Marco Estrada",2,6,0.333333333333333,0.367226685919703
"Andre Ethier",116,395,0.293670886075949,0.6429167924895
"Buck Farmer",1,4,0.25,0.325006489273209
"Taylor Featherston",25,154,0.162337662337662,0.257153327786219
"Scott Feldman",1,2,0.5,0.485745794454937
"Jose Fernandez",3,18,0.166666666666667,0.200919413234773
"Daniel Fields",1,3,0.333333333333333,0.39008944990938
"Prince Fielder",187,613,0.305057096247961,0.85976856066397
"Thomas Field",8,41,0.195121951219512,0.226619042148654
"Michael Fiers",3,30,0.1,0.129820033849047
"Cole Figueroa",2,8,0.25,0.295383531982875
"Brandon Finnegan",0,4,0,0.161287675263745
"Doug Fister",7,31,0.225806451612903,0.248496250270224
"Ryan Flaherty",54,267,0.202247191011236,0.483167241432961
"Yohan Flande",3,21,0.142857142857143,0.173851610678353
"Kendry Flores",0,1,0,0.32257535052749
"Pedro Florimon",2,23,0.0869565217391304,0.198952223097581
"Ramon Flores",7,32,0.21875,0.253790285102198
"Wilmer Flores",127,483,0.262939958592132,0.651613926803756
"Tyler Flowers",79,331,0.238670694864048,0.463730734364116
"Mike Foltynewicz",2,28,0.0714285714285714,0.0999756615955928
"Logan Forsythe",152,540,0.281481481481481,0.640460827187122
"Dexter Fowler",149,596,0.25,0.679660026045898
"Jeff Francoeur",84,326,0.257668711656442,0.55566314818182
"Kevin Frandsen",2,11,0.181818181818182,0.226662147471668
"Maikel Franco",85,304,0.279605263157895,0.500631493599499
"Nick Franklin",16,101,0.158415841584158,0.247962806991368
"Todd Frazier",158,619,0.255250403877221,0.722688884633148
"David Freese",109,424,0.257075471698113,0.637802505602782
"Freddie Freeman",115,416,0.276442307692308,0.640023064012331
"Carlos Frias",1,21,0.0476190476190476,0.0897287682604861
"Christian Friedrich",0,3,0,0.193545210316494
"Eric Fryer",5,22,0.227272727272727,0.255482130942655
"Sam Fuld",57,290,0.196551724137931,0.403008296475638
"Rocky Gale",1,10,0.1,0.165653163235706
"Joey Gallo",22,108,0.203703703703704,0.252282579008278
"Yovani Gallardo",2,4,0.5,0.490788817047477
"Freddy Galvis",147,559,0.262969588550984,0.791919024670236
"Avisail Garcia",142,553,0.256781193490054,0.635905155565901
"Adonis Garcia",53,191,0.277486910994764,0.42623327617738
"Greg Garcia",18,75,0.24,0.301753939146548
"Jaime Garcia",4,41,0.0975609756097561,0.121239379361975
"Leury Garcia",3,14,0.214285714285714,0.252898410635859
"Brett Gardner",148,571,0.259194395796848,0.808975363748315
"Dustin Garneau",11,70,0.157142857142857,0.224817778149739
"Matt Garza",3,39,0.0769230769230769,0.10064962379698
"Evan Gattis",139,566,0.245583038869258,0.594486478797569
"Dillon Gee",1,10,0.1,0.163305146610272
"Scooter Gennett",99,375,0.264,0.595681559039152
"Craig Gentry",6,50,0.12,0.151816363763064
"Gonzalez Germen",0,1,0,0.32257535052749
"Johnny Giavotella",123,453,0.271523178807947,0.61574170172503
"Kyle Gibson",1,5,0.2,0.278067489153127
"Conor Gillaspie",54,237,0.227848101265823,0.337049705670359
"Cole Gillespie",42,145,0.289655172413793,0.408220001128967
"Sean Gilmartin",2,6,0.333333333333333,0.367595391525779
"Chris Gimenez",25,98,0.255102040816327,0.348221402687935
"Zack Godley",1,9,0.111111111111111,0.177573310290078
"Erik Goeddel",0,1,0,0.32257535052749
"David Goforth",0,3,0,0.193545210316494
"Ryan Goins",94,376,0.25,0.604359163484774
"Paul Goldschmidt",182,567,0.320987654320988,0.825172267656474
"Carlos Gomez",111,435,0.255172413793103,0.70378746535518
"Hector Gomez",23,127,0.181102362204724,0.260570305504783
"Jonny Gomes",48,225,0.213333333333333,0.358438609236617
"Jeanmar Gomez",0,1,0,0.32257535052749
"Yan Gomes",84,363,0.231404958677686,0.485278658132281
"Adrian Gonzalez",157,571,0.274956217162872,0.768278168935878
"Carlos Gonzalez",150,554,0.270758122743682,0.768549363388181
"Gio Gonzalez",4,43,0.0930232558139535,0.114793541884033
"Marwin Gonzalez",96,344,0.27906976744186,0.707720566204503
"Miguel Gonzalez",0,1,0,0.32257535052749
"Severino Gonzalez",1,10,0.1,0.163784012152115
"Alex Gordon",96,354,0.271186440677966,0.504607155943889
"Dee Gordon",205,615,0.333333333333333,1
"Terrance Gore",0,3,0,0.193545210316494
"Anthony Gose",123,485,0.25360824742268,0.570574517373158
"Tuffy Gosewisch",27,128,0.2109375,0.285004207159544
"Phil Gosselin",33,106,0.311320754716981,0.470035314230482
"Curtis Granderson",150,580,0.258620689655172,0.700628367510908
"Yasmani Grandal",83,355,0.233802816901408,0.498581312784551
"Jon Gray",0,11,0,0.0744404655063439
"Sonny Gray",1,6,0.166666666666667,0.245636710944584
"Grant Green",8,42,0.19047619047619,0.2195390274927
"Shane Greene",0,5,0,0.138246578797496
"Didi Gregorius",139,525,0.264761904761905,0.703995775085965
"Zack Greinke",15,67,0.223880597014925,0.2877353494715
"Randal Grichuk",89,323,0.275541795665635,0.657804407596984
"Justin Grimm",0,1,0,0.32257535052749
"Robbie Grossman",7,49,0.142857142857143,0.18186529661916
"Alex Guerrero",51,219,0.232876712328767,0.387594570615458
"Deolis Guerra",0,1,0,0.32257535052749
"Jeremy Guthrie",1,4,0.25,0.32607636323391
"Franklin Gutierrez",50,171,0.292397660818713,0.416096088675368
"Brandon Guyer",88,332,0.265060240963855,0.550772441921789
"Jedd Gyorko",104,421,0.247030878859857,0.694664083825612
"Matt Hague",3,12,0.25,0.284658192474055
"Jesse Hahn",0,3,0,0.193545210316494
"David Hale",2,23,0.0869565217391304,0.125633749520379
"Cole Hamels",7,42,0.166666666666667,0.191999526616516
"Billy Hamilton",93,412,0.225728155339806,0.491204155509416
"Josh Hamilton",43,170,0.252941176470588,0.380567860307175
"Jason Hammel",11,65,0.169230769230769,0.196019965819379
"Brad Hand",2,17,0.117647058823529,0.156416823267694
"Donovan Hand",0,1,0,0.32257535052749
"Ryan Hanigan",43,174,0.247126436781609,0.350503653635852
"J.A. Happ",2,23,0.0869565217391304,0.123317872438565
"Aaron Harang",8,48,0.166666666666667,0.188010859404672
"Blaine Hardy",0,1,0,0.32257535052749
"J.J. Hardy",90,411,0.218978102189781,0.541277671355226
"Dan Haren",6,49,0.122448979591837,0.144748912407837
"Bryce Harper",172,521,0.330134357005758,0.863722465424528
"Josh Harrison",120,418,0.287081339712919,0.66597141053514
"Matt Harrison",0,2,0,0.241931512895618
"Mitch Harris",0,1,0,0.32257535052749
"Will Harris",0,1,0,0.32257535052749
"Corey Hart",12,54,0.222222222222222,0.257073970823345
"Matt Harvey",7,65,0.107692307692308,0.16289397743339
"Chris Hatcher",0,1,0,0.32257535052749
"LaTroy Hawkins",0,1,0,0.32257535052749
"Brett Hayes",5,32,0.15625,0.327415352339898
"Chase Headley",150,580,0.258620689655172,0.694023994174844
"Andrew Heaney",0,5,0,0.138246578797496
"Slade Heathcott",10,25,0.4,0.42088772579805
"Adeiny Hechavarria",132,470,0.280851063829787,0.681458592778828
"Austin Hedges",23,137,0.167883211678832,0.25831606758343
"Chris Heisey",10,55,0.181818181818182,0.225033341205407
"Jeremy Hellickson",9,41,0.219512195121951,0.254954041834617
"Kyle Hendricks",3,60,0.05,0.0693218840775313
"Cesar Hernandez",110,405,0.271604938271605,0.634958946022413
"Enrique Hernandez",62,202,0.306930693069307,0.51127610780196
"Felix Hernandez",0,3,0,0.193545210316494
"Gorkys Hernandez",0,5,0,0.138246578797496
"Oscar Hernandez",5,31,0.161290322580645,0.222974314105825
"Chris Herrmann",15,103,0.145631067961165,0.180026010428461
"Dilson Herrera",19,90,0.211111111111111,0.252313017204924
"Elian Herrera",62,256,0.2421875,0.421876173200248
"Jonathan Herrera",29,126,0.23015873015873,0.338719453700319
"Odubel Herrera",147,495,0.296969696969697,0.889654664078127
"Keith Hessler",1,1,1,0.648153089636468
"Chris Heston",10,51,0.196078431372549,0.222801489252513
"Jason Heyward",160,547,0.292504570383912,0.880260561239851
"Aaron Hicks",90,352,0.255681818181818,0.463465998124946
"John Hicks",2,32,0.0625,0.0881179931719504
"Aaron Hill",72,313,0.230031948881789,0.460136381619364
"L.J. Hoes",4,15,0.266666666666667,0.336882682302493
"Bryan Holaday",18,64,0.28125,0.384073468728299
"Matt Holliday",64,229,0.279475982532751,0.453754416810059
"David Holmberg",1,8,0.125,0.195105896343016
"Brock Holt",127,454,0.279735682819383,0.756118087037359
"Tyler Holt",3,31,0.0967741935483871,0.121706613503511
"Eric Hosmer",178,599,0.297161936560935,0.754718242198187
"Ryan Howard",107,467,0.229122055674518,0.611105536896171
"Daniel Hudson",0,1,0,0.32257535052749
"Tim Hudson",7,38,0.184210526315789,0.208862161491268
"David Huff",0,1,0,0.32257535052749
"Phil Hughes",0,3,0,0.193545210316494
"Nick Hundley",110,366,0.300546448087432,0.683829389964029
"Torii Hunter",125,521,0.239923224568138,0.603648911988597
"Chris Iannetta",51,272,0.1875,0.329867102750958
"Jose Iglesias",125,415,0.301204819277108,0.671076342398334
"Raisel Iglesias",2,30,0.0666666666666667,0.0938868516667362
"Ender Inciarte",159,524,0.303435114503817,0.778989326029872
"Omar Infante",97,440,0.220454545454545,0.468051537292969
"Travis Ishikawa",13,63,0.206349206349206,0.243361702399846
"Hisashi Iwakuma",0,2,0,0.241931512895618
"Austin Jackson",131,491,0.266802443991853,0.634478470667323
"Edwin Jackson",0,1,0,0.32257535052749
"Ryan Jackson",0,9,0,0.0879750955984064
"Paul Janish",10,35,0.285714285714286,0.318359353851927
"Travis Jankowski",19,90,0.211111111111111,0.281013353740092
"John Jaso",53,185,0.286486486486487,0.441425856001916
"Jon Jay",44,210,0.20952380952381,0.386244827276468
"Desmond Jennings",26,97,0.268041237113402,0.318809558579745
"Luis Jimenez",1,16,0.0625,0.109017133631218
"Ubaldo Jimenez",2,8,0.25,0.296904670997129
"Chris Johnson",62,243,0.255144032921811,0.452987408833373
"Dan Johnson",3,19,0.157894736842105,0.19605655002659
"Kelly Johnson",82,310,0.264516129032258,0.577850305874785
"Micah Johnson",23,100,0.23,0.275707502916866
"Reed Johnson",5,22,0.227272727272727,0.256107327866957
"Adam Jones",147,546,0.269230769230769,0.772274220240133
"Garrett Jones",31,144,0.215277777777778,0.30263855121787
"James Jones",3,29,0.103448275862069,0.13310844921621
"Taylor Jordan",2,6,0.333333333333333,0.365818837439181
"Caleb Joseph",75,320,0.234375,0.450890809914827
"Matthew Joyce",43,247,0.174089068825911,0.280330176876516
"Taylor Jungmann",10,37,0.27027027027027,0.307394912690087
"Jung Ho Kang",121,421,0.287410926365796,0.63243505674259
"Nathan Karns",1,4,0.25,0.325478625261466
"Munenori Kawasaki",6,28,0.214285714285714,0.244887467826119
"Scott Kazmir",1,4,0.25,0.324337242268056
"Casey Kelly",0,2,0,0.241931512895618
"Don Kelly",0,1,0,0.32257535052749
"Joe Kelly",1,5,0.2,0.278213498977282
"Matt Kemp",158,596,0.26510067114094,0.815386884200889
"Howie Kendrick",137,464,0.295258620689655,0.721885919263293
"Kyle Kendrick",8,43,0.186046511627907,0.211708642120101
"Ian Kennedy",4,42,0.0952380952380952,0.122627574662992
"Max Kepler",1,7,0.142857142857143,0.216514846117788
"Clayton Kershaw",9,71,0.126760563380282,0.148606170120345
"Dallas Keuchel",1,5,0.2,0.278255049335557
"Kevin Kiermaier",133,505,0.263366336633663,0.662869559874202
"Craig Kimbrel",0,1,0,0.32257535052749
"Ian Kinsler",185,624,0.296474358974359,0.824268137528579
"Brandon Kintzler",0,1,0,0.32257535052749
"Jason Kipnis",171,565,0.302654867256637,0.869501173641043
"Corey Kluber",0,6,0,0.120965756447809
"Tom Koehler",6,50,0.12,0.146007609986433
"George Kontos",0,2,0,0.241931512895618
"Pete Kozma",15,99,0.151515151515152,0.193077316957004
"Erik Kratz",5,26,0.192307692307692,0.218150481164247
"Marc Krauss",11,78,0.141025641025641,0.168781923862824
"Kyle Kubitza",7,36,0.194444444444444,0.223085097324055
"John Lackey",7,62,0.112903225806452,0.136730971376358
"Tyler Ladendorf",4,17,0.235294117647059,0.398157401227829
"Aaron Laffey",1,2,0.5,0.48543735734937
"Juan Lagares",114,441,0.258503401360544,0.62307419459898
"Gerald Laird",0,2,0,0.241931512895618
"Junior Lake",16,80,0.2,0.259549229854758
"Ryan LaMarre",2,25,0.08,0.114926145164977
"Andrew Lambo",1,25,0.04,0.0732978934962722
"Jake Lamb",92,350,0.262857142857143,0.540676024183081
"John Lamb",1,16,0.0625,0.109311854861064
"Adam LaRoche",89,429,0.207459207459207,0.480144879566591
"Tommy La Stella",18,67,0.26865671641791,0.323332879087235
"Mat Latos",7,24,0.291666666666667,0.31434531655146
"Ryan Lavarnway",18,94,0.191489361702128,0.231383056170756
"Brett Lawrie",146,562,0.259786476868327,0.687042729498715
"Mike Leake",8,69,0.115942028985507,0.136197203442736
"Sam LeCure",0,1,0,0.32257535052749
"Zach Lee",0,2,0,0.241931512895618
"DJ LeMahieu",170,564,0.301418439716312,0.858693163901087
"Sandy Leon",21,114,0.184210526315789,0.234477503244011
"Jon Lester",4,62,0.0645161290322581,0.0817844381486331
"Colby Lewis",0,2,0,0.241931512895618
"Adam Liberatore",0,2,0,0.241931512895618
"Tim Lincecum",3,21,0.142857142857143,0.172900075135197
"Adam Lind",139,502,0.276892430278884,0.746291625549408
"Francisco Lindor",122,390,0.312820512820513,0.649375568385322
"Francisco Liriano",11,65,0.169230769230769,0.206408755527146
"Radhames Liz",0,1,0,0.32257535052749
"Jose Lobaton",27,136,0.198529411764706,0.268194498879481
"Jeff Locke",3,45,0.0666666666666667,0.0888946551028836
"Adam Loewen",1,3,0.333333333333333,0.388559436153011
"Kyle Lohse",9,39,0.230769230769231,0.250946125595815
"Ryan Lollis",2,12,0.166666666666667,0.212685778696101
"Steve Lombardozzi",0,10,0,0.0806438376318725
"James Loney",101,361,0.279778393351801,0.570559054101433
"Evan Longoria",163,604,0.269867549668874,0.712115132150095
"Jorge Lopez",0,2,0,0.241931512895618
"Michael Lorenzen",9,36,0.25,0.274188058343071
"David Lough",27,134,0.201492537313433,0.309114347948879
"Jed Lowrie",51,230,0.221739130434783,0.353210418709091
"Jonathan Lucroy",98,371,0.264150943396226,0.546244078220437
"Jordan Lyles",0,19,0,0.0460821929324986
"Lance Lynn",8,50,0.16,0.186115674190016
"Tyler Lyons",3,16,0.1875,0.250745458156911
"Dixon Machado",16,68,0.235294117647059,0.284011064413185
"Jean Machi",0,3,0,0.193545210316494
"Manny Machado",181,633,0.285939968404423,0.829218027791395
"Mikie Mahtook",31,105,0.295238095238095,0.407456443815053
"Luke Maile",6,35,0.171428571428571,0.195883317744044
"Martin Maldonado",48,229,0.209606986899563,0.374707689089824
"Seth Maness",0,3,0,0.193545210316494
"Jake Marisnick",80,339,0.23598820058997,0.526161718909962
"Sugar Ray Marimon",2,6,0.333333333333333,0.368104836380246
"Nick Markakis",181,612,0.295751633986928,0.871747390898977
"Jason Marquis",3,16,0.1875,0.220368188761749
"Deven Marrero",12,53,0.226415094339623,0.29681213532328
"Alfredo Marte",2,6,0.333333333333333,0.365662850105973
"Carlos Martinez",8,56,0.142857142857143,0.172050674760698
"J.D. Martinez",168,596,0.281879194630872,0.727474719223528
"Jefry Marte",17,80,0.2125,0.25153631679037
"Ketel Marte",62,219,0.28310502283105,0.502139355970589
"Leonys Martin",63,288,0.21875,0.411098370492631
"Michael Martinez",8,30,0.266666666666667,0.289646435812771
"Nick Martinez",0,4,0,0.161287675263745
"Russell Martin",106,441,0.240362811791383,0.604466743298102
"Starling Marte",166,579,0.286701208981002,0.808866752884193
"Victor Martinez",108,440,0.245454545454545,0.55558014759124
"Justin Masterson",2,3,0.666666666666667,0.589305212944993
"Jeff Mathis",15,93,0.161290322580645,0.221576012723877
"Steven Matz",4,14,0.285714285714286,0.319138052394958
"Tyler Matzek",3,8,0.375,0.397374197472214
"Joe Mauer",157,592,0.265202702702703,0.733593439213285
"Justin Maxwell",52,249,0.208835341365462,0.344615257129428
"Cameron Maybin",135,505,0.267326732673267,0.695332865760554
"John Mayberry",18,110,0.163636363636364,0.218573950640894
"Trevor May",0,3,0,0.193545210316494
"Matt McBride",7,42,0.166666666666667,0.201696004065336
"Brandon McCarthy",0,6,0,0.120965756447809
"Brian McCann",108,465,0.232258064516129,0.53162384173519
"James McCann",106,401,0.264339152119701,0.523860165044581
"Andrew McCutchen",165,566,0.291519434628975,0.812110862427413
"Lance McCullers",0,2,0,0.241931512895618
"Casey McGehee",47,237,0.19831223628692,0.391458795197104
"Dustin McGowan",0,3,0,0.193545210316494
"Collin McHugh",1,8,0.125,0.195885768565046
"Michael McKenry",26,127,0.204724409448819,0.29117726081315
"Andrew McKirahan",0,1,0,0.32257535052749
"Jordy Mercer",96,394,0.243654822335025,0.539142789846174
"Devin Mesoraco",8,45,0.177777777777778,0.204947528431992
"Will Middlebrooks",54,255,0.211764705882353,0.351758194160136
"Wade Miley",0,2,0,0.241931512895618
"Brad Miller",113,438,0.257990867579909,0.600708977822299
"Justin Miller",0,2,0,0.241931512895618
"Shelby Miller",3,56,0.0535714285714286,0.0719790567073209
"Tom Milone",0,2,0,0.241931512895618
"Bryan Mitchell",0,1,0,0.32257535052749
"Yadier Molina",132,488,0.270491803278689,0.708594998462902
"Johnny Monell",8,48,0.166666666666667,0.195110958056345
"Jesus Montero",25,112,0.223214285714286,0.297259797216603
"Miguel Montero",86,347,0.247838616714697,0.564097137453731
"Mike Montgomery",0,3,0,0.193545210316494
"Rafael Montero",0,2,0,0.241931512895618
"Adam Moore",1,4,0.25,0.325197842106792
"Matt Moore",0,1,0,0.32257535052749
"Tyler Moore",38,187,0.203208556149733,0.324324865085417
"Kendrys Morales",165,569,0.289982425307557,0.822133175095431
"Brent Morel",2,7,0.285714285714286,0.331521466916309
"Mitch Moreland",131,471,0.278131634819533,0.697129452637599
"Adam Morgan",2,26,0.0769230769230769,0.113210137922993
"Justin Morneau",52,168,0.30952380952381,0.459973916882733
"Brandon Morrow",0,9,0,0.0879750955984064
"Logan Morrison",103,457,0.225382932166302,0.546862627729632
"Michael Morse",53,229,0.231441048034935,0.421325141848749
"Charlie Morton",1,36,0.0277777777777778,0.0522139396382978
"Jon Moscot",1,4,0.25,0.324276421118275
"Brandon Moss",106,469,0.226012793176972,0.618725953581366
"Mike Moustakas",156,549,0.284153005464481,0.740826464811893
"Steven Moya",4,22,0.181818181818182,0.216710735710641
"Max Muncy",21,102,0.205882352941176,0.256127908569411
"Danny Muno",4,27,0.148148148148148,0.175744771985884
"David Murphy",102,361,0.282548476454294,0.547196850904761
"Daniel Murphy",140,499,0.280561122244489,0.743153008483003
"John Ryan Murphy",43,155,0.27741935483871,0.460420014021979
"Tom Murphy",9,35,0.257142857142857,0.308713528613793
"Wil Myers",57,225,0.253333333333333,0.467678882844937
"Mike Napoli",91,407,0.223587223587224,0.503368581667052
"Chris Narveson",0,6,0,0.120965756447809
"Dioner Navarro",42,171,0.245614035087719,0.398524220608595
"Daniel Nava",27,139,0.194244604316547,0.256531690219974
"Efren Navarro",21,83,0.253012048192771,0.319014687459777
"Rey Navarro",8,29,0.275862068965517,0.315405217623043
"Kristopher Negron",13,93,0.139784946236559,0.187732236939111
"Jimmy Nelson",6,55,0.109090909090909,0.130158817202194
"Hector Neris",0,1,0,0.32257535052749
"Juan Nicasio",0,1,0,0.32257535052749
"Justin Nicolino",1,25,0.04,0.0788065613598269
"Jon Niese",9,52,0.173076923076923,0.19813997309983
"Kirk Nieuwenhuis",25,128,0.1953125,0.310653136901421
"Wil Nieves",1,13,0.0769230769230769,0.131164168305892
"Rico Noel",1,2,0.5,0.494480015465714
"Aaron Nola",2,23,0.0869565217391304,0.119859160374739
"Ricky Nolasco",0,3,0,0.193545210316494
"Nick Noonan",2,22,0.0909090909090909,0.128712586381976
"Bud Norris",0,4,0,0.161287675263745
"Derek Norris",129,515,0.250485436893204,0.630617650916247
"Daniel Norris",1,2,0.5,0.485571237343187
"Eduardo Nunez",53,188,0.281914893617021,0.46722122102401
"Vidal Nuno",1,7,0.142857142857143,0.218771011193009
"Peter O'Brien",4,10,0.4,0.418550284964475
"Jake Odorizzi",0,4,0,0.161287675263745
"Rougned Odor",111,426,0.26056338028169,0.646477477673454
"Hector Olivera",20,79,0.253164556962025,0.336509643569999
"Mike Olt",18,94,0.191489361702128,0.244170242311882
"Shawn O'Malley",11,42,0.261904761904762,0.303898014993688
"Paulo Orlando",60,241,0.24896265560166,0.389311925990001
"David Ortiz",144,528,0.272727272727273,0.619959612349869
"Josh Osich",0,1,0,0.32257535052749
"Sean O'Sullivan",2,20,0.1,0.135680176680109
"Henry Owens",0,2,0,0.241931512895618
"Chris Owings",117,515,0.227184466019417,0.54980944485426
"Marcell Ozuna",119,459,0.259259259259259,0.677897605184769
"Jordan Pacheco",16,66,0.242424242424242,0.28746958806015
"Angel Pagan",134,511,0.262230919765166,0.669109940742875
"Joe Panik",119,382,0.31151832460733,0.665201118068396
"Jimmy Paredes",100,363,0.275482093663912,0.647866364356759
"Jarrett Parker",17,50,0.34,0.446875707815557
"Kyle Parker",19,106,0.179245283018868,0.235615498497784
"Chris Parmelee",21,97,0.216494845360825,0.274945318088954
"Andy Parrino",0,6,0,0.120965756447809
"Gerardo Parra",159,547,0.290676416819013,0.803504549219325
"Ben Paulsen",90,325,0.276923076923077,0.573038343244937
"James Paxton",0,2,0,0.241931512895618
"Steve Pearce",64,294,0.217687074829932,0.381584116699159
"Jake Peavy",7,36,0.194444444444444,0.23696099902632
"Joc Pederson",101,480,0.210416666666667,0.594096690576811
"Dustin Pedroia",111,381,0.291338582677165,0.56665535731563
"Carlos Peguero",14,75,0.186666666666667,0.230815833251557
"Mike Pelfrey",2,3,0.666666666666667,0.583888149493211
"Ariel Pena",0,7,0,0.107525116842497
"Brayan Pena",91,333,0.273273273273273,0.564971239119845
"Francisco Pena",1,7,0.142857142857143,0.223737318797302
"Hunter Pence",57,207,0.27536231884058,0.444180906189628
"Cliff Pennington",44,210,0.20952380952381,0.362294418792194
"David Peralta",144,462,0.311688311688312,0.813141735270043
"Jhonny Peralta",159,579,0.274611398963731,0.808960388000364
"Joel Peralta",0,1,0,0.32257535052749
"Jose Peraza",4,22,0.181818181818182,0.208433510192232
"Wily Peralta",1,30,0.0333333333333333,0.0626381147455681
"Carlos Perez",65,260,0.25,0.428107271701538
"Eury Perez",32,119,0.26890756302521,0.37025680784976
"Hernan Perez",64,263,0.243346007604563,0.466130249604517
"Juan Perez",11,39,0.282051282051282,0.315836276764256
"Martin Perez",0,2,0,0.241931512895618
"Roberto Perez",42,184,0.228260869565217,0.34229344744968
"Salvador Perez",138,531,0.259887005649718,0.670195427930401
"Williams Perez",2,28,0.0714285714285714,0.101606034868744
"Jace Peterson",126,528,0.238636363636364,0.658047635164786
"Shane Peterson",52,201,0.258706467661692,0.393777302987737
"Gregorio Petit",7,42,0.166666666666667,0.193708310976435
"Yusmeiro Petit",0,9,0,0.0879750955984064
"Tommy Pham",41,153,0.26797385620915,0.395834303998931
"Josh Phegley",56,225,0.248888888888889,0.397339507126742
"David Phelps",4,34,0.117647058823529,0.143811799651506
"Brandon Phillips",173,588,0.29421768707483,0.744737807242186
"A.J. Pierzynski",122,407,0.2997542997543,0.673342801967557
"Kevin Pillar",163,586,0.278156996587031,0.786655850044323
"Branden Pinder",1,1,1,0.651853976204774
"Michael Pineda",0,2,0,0.241931512895618
"Jose Pirela",17,74,0.22972972972973,0.266255619134877
"Stephen Piscotty",71,233,0.304721030042918,0.52393118180285
"Kevin Plawecki",51,233,0.218884120171674,0.356709652423494
"Trevor Plouffe",140,573,0.244328097731239,0.586277323907072
"Gregory Polanco",152,593,0.256323777403035,0.674722905673693
"Jorge Polanco",3,10,0.3,0.330290230089669
"A.J. Pollock",192,609,0.315270935960591,0.893054478877732
"Dalton Pompey",21,94,0.223404255319149,0.288108965506284
"Rick Porcello",0,2,0,0.241931512895618
"Buster Posey",177,557,0.317773788150808,0.856820853181451
"Martin Prado",144,500,0.288,0.732611183584942
"Alex Presley",3,12,0.25,0.284674858264045
"David Price",0,9,0,0.0879750955984064
"Jason Pridie",0,9,0,0.0879750955984064
"Yasiel Puig",72,282,0.25531914893617,0.457218123855917
"Albert Pujols",147,602,0.244186046511628,0.661247684394355
"Jose Quintana",0,8,0,0.096772605158247
"Ryan Raburn",52,173,0.300578034682081,0.436149665351721
"Aramis Ramirez",117,475,0.246315789473684,0.63684104256069
"Alexei Ramirez",145,583,0.248713550600343,0.631198298777391
"Erasmo Ramirez",0,2,0,0.241931512895618
"Hanley Ramirez",100,401,0.249376558603491,0.510534026837506
"Jose Ramirez",69,315,0.219047619047619,0.399171760722445
"Wilson Ramos",109,475,0.229473684210526,0.697395296702065
"Anthony Ranaudo",0,2,0,0.241931512895618
"Colby Rasmus",103,432,0.238425925925926,0.530172349084564
"Cory Rasmus",0,1,0,0.32257535052749
"Robbie Ray",3,31,0.0967741935483871,0.122883870642902
"Colin Rea",2,9,0.222222222222222,0.268261889696886
"J.T. Realmuto",114,441,0.258503401360544,0.609818634883876
"Anthony Recker",10,80,0.125,0.151800462624212
"Josh Reddick",143,526,0.271863117870722,0.731887546299118
"Addison Reed",0,2,0,0.241931512895618
"Michael Reed",2,6,0.333333333333333,0.366749618250346
"Rob Refsnyder",13,43,0.302325581395349,0.332584654052283
"Nolan Reimold",42,170,0.247058823529412,0.37512283055811
"Anthony Rendon",82,311,0.263665594855305,0.615065594847455
"Ben Revere",181,592,0.305743243243243,0.865307107072296
"Jose Reyes",132,481,0.274428274428274,0.654739687923876
"Mark Reynolds",88,382,0.230366492146597,0.487972688138547
"Clayton Richard",2,14,0.142857142857143,0.186603729644454
"Andre Rienzo",0,2,0,0.241931512895618
"Alex Rios",98,385,0.254545454545455,0.549489077134621
"Rene Rivera",53,298,0.177852348993289,0.318261593132488
"Yadiel Rivera",1,14,0.0714285714285714,0.122540088005944
"Anthony Rizzo",163,586,0.278156996587031,0.763245490502709
"Donn Roach",1,1,1,0.646725032613115
"Tanner Roark",5,27,0.185185185185185,0.229008647006467
"Daniel Robertson",21,75,0.28,0.332273810221349
"Clint Robinson",84,309,0.271844660194175,0.594893348664795
"Shane Robinson",45,180,0.25,0.369801406684367
"Carlos Rodon",0,1,0,0.32257535052749
"Alex Rodriguez",131,523,0.250478011472275,0.655695901085119
"Eduardo Rodriguez",0,2,0,0.241931512895618
"Sean Rodriguez",55,224,0.245535714285714,0.428821735002937
"Wandy Rodriguez",1,2,0.5,0.485591250819163
"Jason Rogers",45,152,0.296052631578947,0.476383977219892
"Miguel Rojas",40,142,0.28169014084507,0.433381110319029
"Jimmy Rollins",116,517,0.224371373307544,0.563029912122541
"Jamie Romak",5,15,0.333333333333333,0.365025416602057
"Stefen Romero",4,21,0.19047619047619,0.2217232966019
"Andrew Romine",47,185,0.254054054054054,0.45289237550517
"Austin Romine",0,2,0,0.241931512895618
"Sergio Romo",0,2,0,0.241931512895618
"Adam Rosales",26,114,0.228070175438596,0.379321701850755
"Eddie Rosario",121,453,0.267108167770419,0.610241601457631
"Wilin Rosario",62,231,0.268398268398268,0.485666330742248
"Trevor Rosenthal",0,1,0,0.32257535052749
"Cody Ross",2,22,0.0909090909090909,0.124994476648358
"David Ross",28,159,0.176100628930818,0.289514649032951
"Joe Ross",3,27,0.111111111111111,0.164173547539042
"Tyson Ross",14,56,0.25,0.299561060494372
"Ryan Rua",16,83,0.192771084337349,0.225639116899051
"Darin Ruf",63,268,0.235074626865672,0.403361833700915
"Justin Ruggiano",31,125,0.248,0.325084689920628
"Carlos Ruiz",60,284,0.211267605633803,0.406294991117721
"Cameron Rupp",63,270,0.233333333333333,0.454564569239112
"Chris Rusin",10,46,0.217391304347826,0.267496670969939
"Addison Russell",115,475,0.242105263157895,0.657171856298077
"James Russell",0,1,0,0.32257535052749
"Josh Rutledge",21,74,0.283783783783784,0.362160311149118
"Brendan Ryan",22,96,0.229166666666667,0.379159587017884
"CC Sabathia",0,3,0,0.193545210316494
"Casey Sadler",0,1,0,0.32257535052749
"Danny Salazar",0,4,0,0.161287675263745
"Tyler Saladino",53,236,0.224576271186441,0.357383540409118
"Chris Sale",1,9,0.111111111111111,0.177512496288948
"Jarrod Saltalamacchia",45,200,0.225,0.408216882933618
"Jeff Samardzija",1,2,0.5,0.486204152586389
"Keyvius Sampson",0,16,0,0.0537625584212483
"Anibal Sanchez",0,4,0,0.161287675263745
"Carlos Sanchez",87,389,0.223650385604113,0.452060716649376
"Gary Sanchez",0,2,0,0.241931512895618
"Hector Sanchez",10,56,0.178571428571429,0.220491453507918
"Tony Sanchez",3,8,0.375,0.393548539806747
"Jerry Sands",29,123,0.235772357723577,0.315079087621532
"Pablo Sandoval",115,470,0.24468085106383,0.627138590903484
"Miguel Sano",75,279,0.268817204301075,0.503796301544759
"Carlos Santana",127,550,0.230909090909091,0.544955674175826
"Danny Santana",56,261,0.21455938697318,0.372025276454706
"Domingo Santana",38,160,0.2375,0.404756187173216
"Hector Santiago",1,5,0.2,0.278284499631239
"Luis Sardinas",19,97,0.195876288659794,0.254589368514113
"Michael Saunders",6,31,0.193548387096774,0.219849828423052
"Jordan Schafer",15,69,0.217391304347826,0.259020771149857
"Logan Schafer",27,122,0.221311475409836,0.426819242766819
"Max Scherzer",15,69,0.217391304347826,0.265476893822604
"Scott Schebler",9,36,0.25,0.29731998036351
"Jonathan Schoop",85,305,0.278688524590164,0.494356956639148
"Skip Schumaker",59,244,0.241803278688525,0.454441173469896
"Kyle Schwarber",57,232,0.245689655172414,0.562129297870264
"Xavier Scruggs",11,42,0.261904761904762,0.348948915690139
"Corey Seager",33,98,0.336734693877551,0.472344778803762
"Kyle Seager",166,623,0.26645264847512,0.687093766046797
"Jean Segura",144,560,0.257142857142857,0.7326784495624
"Marcus Semien",143,556,0.257194244604317,0.611974413355511
"Luis Severino",0,2,0,0.241931512895618
"Pedro Severino",1,4,0.25,0.325341285562681
"Richie Shaffer",14,74,0.189189189189189,0.24451036428069
"Travis Shaw",61,226,0.269911504424779,0.48302507219806
"James Shields",9,68,0.132352941176471,0.163235693115904
"Matt Shoemaker",0,1,0,0.32257535052749
"J.B. Shuck",38,143,0.265734265734266,0.37732295470741
"Andrelton Simmons",142,535,0.265420560747664,0.671851324842522
"Alfredo Simon",0,5,0,0.138246578797496
"Jon Singleton",9,47,0.191489361702128,0.229127267972955
"Grady Sizemore",69,273,0.252747252747253,0.436975457304621
"Josh Smith",2,9,0.222222222222222,0.267684730659531
"Seth Smith",98,395,0.248101265822785,0.501477532039731
"Justin Smoak",67,296,0.226351351351351,0.473178945143198
"Jake Smolinski",32,166,0.192771084337349,0.281164245461858
"Travis Snider",55,237,0.232067510548523,0.450439460656318
"Miguel Socolovich",0,1,0,0.32257535052749
"Eric Sogard",92,372,0.247311827956989,0.651039021625032
"Donovan Solano",17,90,0.188888888888889,0.249085219658494
"Jhonatan Solano",1,20,0.05,0.0922760599954844
"Yangervis Solarte",142,526,0.269961977186312,0.762362487247425
"Jorge Soler",96,366,0.262295081967213,0.52978880312944
"Sammy Solis",1,2,0.5,0.485348817273647
"Geovany Soto",41,187,0.219251336898396,0.321344876924197
"Steven Souza",84,373,0.225201072386059,0.485271216231699
"Cory Spangenberg",82,303,0.270627062706271,0.543096541073439
"Denard Span",74,246,0.300813008130081,0.530082589608791
"George Springer",107,388,0.275773195876289,0.533948724341266
"Cody Stanley",4,10,0.4,0.417679503206186
"Giancarlo Stanton",74,279,0.265232974910394,0.499362212658855
"Max Stassi",6,15,0.4,0.415475755495873
"Chris Stewart",46,159,0.289308176100629,0.434343163700146
"Ryan Strausborger",9,45,0.2,0.231348575722982
"Stephen Strasburg",5,38,0.131578947368421,0.168995400322537
"Hunter Strickland",0,1,0,0.32257535052749
"Drew Stubbs",24,123,0.195121951219512,0.291891098976311
"Eric Stults",1,13,0.0769230769230769,0.131047611557523
"Eugenio Suarez",104,372,0.279569892473118,0.669692907984912
"Jesus Sucre",20,127,0.15748031496063,0.203351328787274
"Andrew Susac",29,133,0.218045112781955,0.296449522227436
"Ichiro Suzuki",91,398,0.228643216080402,0.544221520403382
"Kurt Suzuki",104,433,0.240184757505774,0.499064056329535
"Darnell Sweeney",15,85,0.176470588235294,0.293035540698252
"Blake Swihart",79,288,0.274305555555556,0.53345451288095
"Nick Swisher",43,219,0.19634703196347,0.308182821727303
"Noah Syndergaard",9,43,0.209302325581395,0.2336518101344
"Matt Szczur",16,72,0.222222222222222,0.279942620460813
"Jose Tabata",11,38,0.289473684210526,0.344133555965001
"Masahiro Tanaka",0,7,0,0.107525116842497
"Travis Tartamella",1,2,0.5,0.490685483527964
"Chris Taylor",16,94,0.170212765957447,0.210612729518373
"Michael Taylor",108,472,0.228813559322034,0.589327826678214
"Taylor Teagarden",3,15,0.2,0.239472585586264
"Julio Teheran",5,52,0.0961538461538462,0.122928446519795
"Mark Teixeira",100,392,0.255102040816327,0.501896420105249
"Ruben Tejada",94,360,0.261111111111111,0.578831747624904
"Tomas Telis",6,38,0.157894736842105,0.185432091129585
"Joey Terdoslavich",12,56,0.214285714285714,0.245869675016875
"Josh Thole",10,49,0.204081632653061,0.236365070195967
"Ian Thomas",0,3,0,0.193545210316494
"Trayce Thompson",36,122,0.295081967213115,0.373924080873101
"Tyler Thornburg",0,3,0,0.193545210316494
"Chris Tillman",0,2,0,0.241931512895618
"Steven Tolleson",11,41,0.268292682926829,0.291218514184621
"Yasmany Tomas",111,406,0.273399014778325,0.575277667536866
"Kelby Tomlinson",54,178,0.303370786516854,0.471196400425064
"Alex Torres",0,1,0,0.32257535052749
"Carlos Torres",1,1,1,0.649562005177572
"Ronald Torreyes",2,6,0.333333333333333,0.372779282670972
"Devon Travis",66,217,0.304147465437788,0.494404809064319
"Blake Treinen",0,2,0,0.241931512895618
"Mike Trout",172,575,0.299130434782609,0.788483696830925
"Mark Trumbo",133,508,0.261811023622047,0.655615798226371
"Chin-hui Tsao",1,1,1,0.64687104243727
"Preston Tucker",73,300,0.243333333333333,0.424349178657222
"Troy Tulowitzki",136,486,0.279835390946502,0.695183699075507
"Justin Turner",113,385,0.293506493506493,0.62969593235017
"Trea Turner",9,40,0.225,0.294256163675253
"Dan Uggla",22,121,0.181818181818182,0.319822499325098
"Melvin Upton",53,205,0.258536585365854,0.448964856166156
"Justin Upton",136,542,0.250922509225092,0.65835407557487
"Jose Urena",1,13,0.0769230769230769,0.13058231408586
"Juan Uribe",91,359,0.253481894150418,0.529939939489221
"Henry Urrutia",9,34,0.264705882352941,0.291303149613882
"Giovanny Urshela",60,267,0.224719101123595,0.37743087788104
"Chase Utley",79,373,0.211796246648794,0.442093702243448
"Luis Valbuena",97,434,0.223502304147465,0.480615595111442
"Jordany Valdespin",0,4,0,0.161287675263745
"Danny Valencia",100,345,0.289855072463768,0.706106550769101
"Scott Van Slyke",53,222,0.238738738738739,0.406526207330265
"Kennys Vargas",42,175,0.24,0.350769956060129
"Will Venable",85,349,0.243553008595989,0.51381734537806
"Pat Venditte",0,1,0,0.32257535052749
"Yordano Ventura",0,6,0,0.120965756447809
"Logan Verrett",0,7,0,0.107525116842497
"Shane Victorino",41,178,0.230337078651685,0.395825324935074
"Carlos Villanueva",0,8,0,0.096772605158247
"Jonathan Villar",33,116,0.28448275862069,0.420999482920049
"Pedro Villarreal",1,6,0.166666666666667,0.248504867252321
"Ryan Vogelsong",5,36,0.138888888888889,0.163645615893466
"Stephen Vogt",116,445,0.260674157303371,0.584974813711103
"Edinson Volquez",0,6,0,0.120965756447809
"Joey Votto",171,545,0.313761467889908,0.919110430510548
"Michael Wacha",8,52,0.153846153846154,0.215137951475122
"Tsuyoshi Wada",0,8,0,0.096772605158247
"Tyler Wagner",0,3,0,0.193545210316494
"Adam Wainwright",0,10,0,0.0806438376318725
"Kyle Waldrop",0,1,0,0.32257535052749
"Christian Walker",1,9,0.111111111111111,0.177642717480279
"Neil Walker",146,543,0.268876611418048,0.759279861662799
"Taijuan Walker",1,9,0.111111111111111,0.177880013709834
"Brett Wallace",29,96,0.302083333333333,0.399139424253131
"Zach Walters",4,30,0.133333333333333,0.159400538749161
"Adam Warren",0,3,0,0.193545210316494
"Jered Weaver",0,2,0,0.241931512895618
"Ryan Weber",0,10,0,0.0806438376318725
"Allen Webster",0,11,0,0.0744404655063439
"Jemile Weeks",3,9,0.333333333333333,0.361417058615862
"Rickie Weeks",14,84,0.166666666666667,0.243272594535045
"Jayson Werth",73,331,0.220543806646526,0.485437581137228
"Joe Wieland",0,1,0,0.32257535052749
"Matt Wieters",69,258,0.267441860465116,0.465851979848521
"Jerome Williams",2,31,0.0645161290322581,0.0930618385208102
"Jackson Williams",2,10,0.2,0.261131895728734
"Mason Williams",6,21,0.285714285714286,0.307913846391072
"Mac Williamson",7,32,0.21875,0.264665606465865
"Bobby Wilson",25,132,0.189393939393939,0.285801943227922
"C.J. Wilson",2,6,0.333333333333333,0.37089395438831
"Josh Wilson",12,38,0.315789473684211,0.346552033160339
"Tyler Wilson",0,2,0,0.241931512895618
"Matt Wisler",4,29,0.137931034482759,0.166260482208476
"Kolten Wong",146,557,0.262118491921005,0.751520261184018
"Alex Wood",9,55,0.163636363636364,0.193776005543003
"Travis Wood",3,30,0.1,0.131346309342047
"Rob Wooten",0,1,0,0.32257535052749
"Vance Worley",3,17,0.176470588235294,0.208903270665545
"David Wright",44,152,0.289473684210526,0.428438170484228
"Mike Wright",1,2,0.5,0.485606100032762
"Steven Wright",0,1,0,0.32257535052749
"Christian Yelich",143,476,0.300420168067227,0.764341242558901
"Rafael Ynoa",33,127,0.259842519685039,0.394045818556974
"Chris Young",2,4,0.5,0.487322674802698
"Chris Young",80,318,0.251572327044025,0.703124338727407
"Delmon Young",47,174,0.270114942528736,0.415400232210207
"Eric Young",13,85,0.152941176470588,0.193630461528118
"Jordan Zimmermann",10,63,0.158730158730159,0.186684607317607
"Ryan Zimmerman",86,346,0.248554913294798,0.499694960747711
"Ben Zobrist",129,467,0.276231263383298,0.633221905907129
"Mike Zunino",61,350,0.174285714285714,0.324777500109914
