"Name","H","AB","OBA","Rating"
"Fernando Abad",40,174,0.229885057471264,0.413980481569684
"A.J. Achter",43,146,0.294520547945205,0.365063816483969
"Austin Adams",27,81,0.333333333333333,0.343280576129207
"Tim Adleman",64,255,0.250980392156863,0.482515634170604
"Andrew Albers",27,79,0.341772151898734,0.318756957437951
"Matt Albers",67,209,0.320574162679426,0.446614413539768
"Al Alburquerque",2,10,0.2,0.337045237905963
"Raul Alcantara",31,93,0.333333333333333,0.322403437163216
"Scott Alexander",24,76,0.315789473684211,0.326737246584843
"Cody Allen",41,232,0.176724137931034,0.44931051192357
"Dan Altavilla",11,45,0.244444444444444,0.354278773511311
"Dario Alvarez",28,102,0.274509803921569,0.357884220129953
"Jose Alvarez",71,238,0.298319327731092,0.387709788065326
"Alexi Amarista",0,1,0,0.29731288000251
"Brett Anderson",25,56,0.446428571428571,0.267760400370254
"Chase Anderson",155,583,0.265866209262436,0.658430935499421
"Cody Anderson",85,255,0.333333333333333,0.371196014964229
"Tyler Anderson",119,437,0.272311212814645,0.565145713130738
"Matt Andriese",131,494,0.265182186234818,0.481779785753967
"Dustin Antolin",4,10,0.4,0.262741180085327
"Jayson Aquino",1,8,0.125,0.359603535147023
"Elvis Araujo",35,112,0.3125,0.342372966191276
"Chris Archer",183,769,0.237971391417425,0.606721169491526
"Shawn Armstrong",9,38,0.236842105263158,0.347488965197944
"Jonathan Aro",1,3,0.333333333333333,0.267853995677362
"Jake Arrieta",138,710,0.194366197183099,0.687935775318811
"Alec Asher",22,102,0.215686274509804,0.410987900096966
"Luis Avilan",12,68,0.176470588235294,0.396510762326337
"John Axford",65,252,0.257936507936508,0.412750108236327
"Pedro Baez",52,267,0.194756554307116,0.53874343527368
"Andrew Bailey",41,165,0.248484848484848,0.414021288605199
"Homer Bailey",35,100,0.35,0.325397154404164
"Johnny Barbato",13,50,0.26,0.340946447883996
"Darwin Barney",1,4,0.25,0.297899382995454
"Danny Barnes",14,51,0.274509803921569,0.334065358283666
"Jacob Barnes",24,98,0.244897959183673,0.378635373825683
"Matt Barnes",62,250,0.248,0.493272039583713
"Tony Barnette",54,223,0.242152466367713,0.413208983718206
"Jake Barrett",47,216,0.217592592592593,0.430893773495458
"Kyle Barraclough",45,256,0.17578125,0.562158074867923
"Chris Bassitt",35,119,0.294117647058824,0.351675598808338
"Antonio Bastardo",60,256,0.234375,0.436072553211076
"Trevor Bauer",179,721,0.248266296809986,0.588181743638868
"Buddy Baumann",7,35,0.2,0.366887597236843
"Chris Beck",31,103,0.300970873786408,0.342891782385509
"Cam Bedrosian",30,145,0.206896551724138,0.413996631048286
"Matt Belisle",43,176,0.244318181818182,0.474483875225907
"Joaquin Benoit",37,176,0.210227272727273,0.407806349002289
"Christian Bergman",39,110,0.354545454545455,0.407837734427492
"Jose Berrios",74,239,0.309623430962343,0.377209588026575
"Dellin Betances",54,268,0.201492537313433,0.441557174829591
"Christian Bethancourt",1,6,0.166666666666667,0.413723386400919
"Chad Bettis",204,735,0.277551020408163,0.673376827565102
"Joe Biagini",69,266,0.259398496240602,0.420406327242346
"Ty Blach",8,56,0.142857142857143,0.401355491959747
"Aaron Blair",82,274,0.299270072992701,0.41489362669497
"Joe Blanton",55,284,0.193661971830986,0.46239791724897
"Michael Blazek",52,167,0.311377245508982,0.36075664018897
"Richard Bleier",20,86,0.232558139534884,0.366921181868444
"Jerry Blevins",36,157,0.229299363057325,0.392888450047783
"Mike Bolsinger",33,109,0.302752293577982,0.357886397798402
"Wilfredo Boscan",15,59,0.254237288135593,0.35137565943502
"Buddy Boshers",35,141,0.24822695035461,0.392158249328788
"Matt Bowman",59,258,0.228682170542636,0.447754043065896
"Brad Boxberger",23,92,0.25,0.364472464361411
"Matt Boyd",97,376,0.257978723404255,0.459635273103602
"Blaine Boyer",80,262,0.305343511450382,0.438837065559034
"Brad Brach",57,283,0.201413427561837,0.450329907126288
"Silvino Bracho",31,105,0.295238095238095,0.361962222940385
"Archie Bradley",154,558,0.275985663082437,0.626452414138822
"Jed Bradley",7,26,0.269230769230769,0.326163138396312
"Steven Brault",45,144,0.3125,0.374445447969489
"Craig Breslow",21,58,0.362068965517241,0.299915273472
"Austin Brice",9,52,0.173076923076923,0.400859561605102
"Parker Bridwell",5,14,0.357142857142857,0.282352819189431
"Zach Britton",38,235,0.161702127659574,0.585409549144522
"Mike Broadway",9,24,0.375,0.281815511902941
"Jonathan Broxton",52,227,0.229074889867841,0.442758934476633
"Clay Buchholz",130,520,0.25,0.515048902414407
"Jake Buchanan",3,20,0.15,0.379152833136981
"Ryan Buchter",34,212,0.160377358490566,0.532198094079995
"Madison Bumgarner",179,841,0.212841854934602,0.78107485357081
"Dylan Bundy",109,424,0.257075471698113,0.463099967722346
"Enrique Burgos",38,150,0.253333333333333,0.389289195054352
"Sean Burnett",5,21,0.238095238095238,0.338080732176231
"Matt Buschmann",2,14,0.142857142857143,0.368129339441831
"Matt Bush",44,224,0.196428571428571,0.440108684203422
"Drew Butera",1,5,0.2,0.320437899662407
"Eddie Butler",87,265,0.328301886792453,0.413764189480262
"Mauricio Cabrera",31,138,0.22463768115942,0.399947428410335
"Trevor Cahill",49,244,0.200819672131148,0.471543535817889
"Matt Cain",103,345,0.298550724637681,0.484568337314262
"Arquimedes Caminero",67,239,0.280334728033473,0.421885021648233
"Leonel Campos",18,81,0.222222222222222,0.381431235953112
"Vicente Campos",4,22,0.181818181818182,0.361655710962438
"Chris Capuano",23,90,0.255555555555556,0.376590450813863
"Matt Carasiti",25,67,0.373134328358209,0.311312648183146
"Fausto Carmona",13,37,0.351351351351351,0.29706152604619
"Carlos Carrasco",134,558,0.240143369175627,0.518242345188081
"Scott Carroll",2,8,0.25,0.314186401642841
"Andrew Cashner",142,509,0.278978388998035,0.709848780562546
"Miguel Castro",18,60,0.3,0.336094134011511
"Brett Cecil",39,145,0.268965517241379,0.368643402450848
"Xavier Cedeno",36,157,0.229299363057325,0.466818643430175
"Hunter Cervenka",31,152,0.203947368421053,0.486407500616683
"Luis Cessa",64,266,0.240601503759398,0.427603022893897
"Jhoulys Chacin",153,562,0.272241992882562,0.530727184372774
"Andrew Chafin",22,85,0.258823529411765,0.35534482267364
"Joba Chamberlain",12,68,0.176470588235294,0.390293611946532
"Aroldis Chapman",32,203,0.157635467980296,0.473078347561903
"Kevin Chapman",15,38,0.394736842105263,0.276580351806964
"J.T. Chargois",25,86,0.290697674418605,0.341133868945458
"Tyler Chatwood",147,589,0.249575551782683,0.741878916082673
"Jesse Chavez",71,261,0.272030651340996,0.423932997168003
"Wei-Yin Chen",134,486,0.275720164609054,0.531537988194379
"Tony Cingrani",54,229,0.235807860262009,0.423574950649412
"Steve Cishek",44,232,0.189655172413793,0.444504249118812
"Alex Claudio",55,204,0.269607843137255,0.399094501082759
"Paul Clemens",72,275,0.261818181818182,0.500145306332244
"Mike Clevinger",50,203,0.246305418719212,0.400470095581723
"Tyler Clippard",54,234,0.230769230769231,0.456507485700333
"Alex Cobb",32,95,0.336842105263158,0.32143441357775
"Phil Coke",10,37,0.27027027027027,0.334483768460198
"A.J. Cole",37,149,0.248322147651007,0.40033995869349
"Gerrit Cole",131,454,0.288546255506608,0.654792247713775
"Louis Coleman",45,180,0.25,0.402982030441844
"Josh Collmenter",36,151,0.23841059602649,0.486316504563059
"Alex Colome",43,209,0.205741626794258,0.420817305734974
"Bartolo Colon",200,745,0.268456375838926,0.689198820610157
"Joseph Colon",12,43,0.27906976744186,0.332990636120907
"Gerardo Concepcion",2,8,0.25,0.31465211019742
"Adam Conley",125,500,0.25,0.531068033326548
"Patrick Corbin",177,619,0.2859450726979,0.626081709131022
"Jarred Cosart",61,225,0.271111111111111,0.441277561952472
"Caleb Cotham",32,99,0.323232323232323,0.332037101375023
"Jharel Cotton",20,108,0.185185185185185,0.399833812428779
"Daniel Coulombe",37,171,0.216374269005848,0.40741324624706
"Tyler Cravy",21,101,0.207920792079208,0.40421678706557
"Kyle Crockett",16,62,0.258064516129032,0.346565259397446
"Johnny Cueto",195,818,0.23838630806846,0.811596615240411
"William Cuevas",5,17,0.294117647058824,0.309535838847228
"Brandon Cunniff",14,60,0.233333333333333,0.382401767360163
"Zac Curtis",13,51,0.254901960784314,0.346830244374744
"Tyler Danish",6,9,0.666666666666667,0.163260726432066
"John Danks",28,87,0.32183908045977,0.324824274663753
"Yu Darvish",81,378,0.214285714285714,0.484594024870489
"Wade Davis",33,157,0.210191082802548,0.407849381879577
"Zach Davies",166,631,0.263074484944533,0.690921868576159
"Grant Dayton",14,94,0.148936170212766,0.502740279377379
"Pat Dean",88,274,0.321167883211679,0.391605008862454
"Jacob deGrom",142,557,0.254937163375224,0.674245493508702
"Jorge de la Rosa",157,536,0.292910447761194,0.620903082572395
"Joel de la Cruz",65,247,0.263157894736842,0.469454744773867
"Rubby de la Rosa",43,196,0.219387755102041,0.446555859444507
"Steve Delabar",5,29,0.172413793103448,0.371699688174644
"Jose De Leon",19,66,0.287878787878788,0.345289032295956
"Randall Delgado",77,291,0.264604810996564,0.556490970228387
"Abel de los Santos",7,22,0.318181818181818,0.311153488016571
"Matt Dermody",6,15,0.4,0.268705135322241
"Anthony DeSclafani",120,463,0.259179265658747,0.700079817602372
"Odrisamer Despaigne",36,116,0.310344827586207,0.342952434405261
"Ross Detwiler",59,199,0.296482412060302,0.380740134123436
"Chris Devenski",79,383,0.206266318537859,0.480554857895811
"Scott Diamond",2,5,0.4,0.255706561458212
"Dayan Diaz",10,27,0.37037037037037,0.288502876295967
"Edwin Diaz",45,199,0.226130653266332,0.410354034630434
"Jumbo Diaz",36,161,0.22360248447205,0.473858973765738
"R.A. Dickey",169,655,0.258015267175572,0.55154947131714
"Jake Diekman",36,190,0.189473684210526,0.428858432914794
"Jose Dominguez",34,132,0.257575757575758,0.423436944544765
"Sean Doolittle",33,143,0.230769230769231,0.385383924069419
"Kyle Drabek",1,7,0.142857142857143,0.349094328701084
"Oliver Drake",11,66,0.166666666666667,0.391687857465195
"Brian Duensing",13,52,0.25,0.355574464824037
"Danny Duffy",163,676,0.24112426035503,0.584385002351161
"Tyler Duffey",167,554,0.3014440433213,0.469975703681236
"Zach Duke",48,221,0.217194570135747,0.465179850886444
"Ryan Dull",50,269,0.185873605947955,0.450669686777347
"Michael Dunn",43,159,0.270440251572327,0.388935097682812
"Sam Dyson",63,258,0.244186046511628,0.417848973565371
"Josh Edgin",10,37,0.27027027027027,0.336156701806066
"Carl Edwards",15,122,0.122950819672131,0.443253228938739
"Zach Eflin",67,249,0.269076305220884,0.416122132537534
"Cody Ege",16,46,0.347826086956522,0.303025414614725
"Jerad Eickhoff",187,745,0.251006711409396,0.693249385782041
"Roenis Elias",15,36,0.416666666666667,0.265972950732289
"Brian Ellington",27,121,0.223140495867769,0.392526768008696
"Nathan Eovaldi",123,482,0.255186721991701,0.491533874318615
"Robbie Erlin",12,55,0.218181818181818,0.385661213351361
"Jake Esch",17,52,0.326923076923077,0.312522057481723
"Eduardo Escobar",1,4,0.25,0.298162761068625
"Edwin Escobar",33,99,0.333333333333333,0.336060879860368
"Carlos Estevez",50,208,0.240384615384615,0.461291611900315
"Marco Estrada",132,651,0.202764976958525,0.574534000304602
"Dana Eveland",32,96,0.333333333333333,0.325381430121725
"Jeurys Familia",63,286,0.22027972027972,0.446642949737758
"Buck Farmer",25,108,0.231481481481481,0.374817410958027
"Danny Farquhar",33,137,0.240875912408759,0.382990210721617
"Andrew Faulkner",8,28,0.285714285714286,0.32127564436799
"Scott Feldman",87,308,0.282467532467532,0.420476855677005
"Michael Feliz",55,246,0.223577235772358,0.42514640340177
"Neftali Feliz",40,193,0.207253886010363,0.421756767665978
"Jose Fernandez",149,664,0.224397590361446,0.699148358439085
"Josh Fields",43,145,0.296551724137931,0.374184651622053
"Casey Fien",45,158,0.284810126582278,0.367450314738317
"Michael Fiers",187,667,0.280359820089955,0.520603168304502
"Brandon Finnegan",150,636,0.235849056603774,0.672052954148577
"Doug Fister",195,706,0.276203966005666,0.53675823639864
"Ryan Flaherty",3,7,0.428571428571429,0.249244583604578
"Yohan Flande",8,16,0.5,0.22616295092958
"Dylan Floro",23,66,0.348484848484849,0.308192340908514
"Kendry Flores",1,10,0.1,0.375075571109597
"Gavin Floyd",23,112,0.205357142857143,0.38747011741422
"Brian Flynn",38,192,0.197916666666667,0.424769558855638
"Mike Foltynewicz",125,475,0.263157894736842,0.513530761826437
"Sam Freeman",13,33,0.393939393939394,0.277546142053918
"Carlos Frias",2,14,0.142857142857143,0.367221084077505
"Christian Friedrich",131,505,0.259405940594059,0.622752580501962
"Carson Fulmer",12,44,0.272727272727273,0.334335396278787
"Michael Fulmer",136,590,0.230508474576271,0.526145564034417
"Yovani Gallardo",126,456,0.276315789473684,0.470600342108393
"Eddie Gamboa",9,46,0.195652173913043,0.377775557146663
"John Gant",54,194,0.278350515463918,0.385184561395703
"Santiago Casilla",50,213,0.234741784037559,0.520743051227225
"Jaime Garcia",179,668,0.267964071856287,0.66632145745248
"Luis Garcia",21,66,0.318181818181818,0.341258737106319
"Yimi Garcia",9,29,0.310344827586207,0.30967668499017
"Perci Garner",12,39,0.307692307692308,0.319048679629076
"Ryan Garton",44,159,0.276729559748428,0.400190583570781
"Matt Garza",117,414,0.282608695652174,0.500605414297303
"Kevin Gausman",183,698,0.262177650429799,0.551211043486519
"Cory Gearrin",42,180,0.233333333333333,0.436126366498588
"Dillon Gee",146,502,0.290836653386454,0.481666619541689
"Steve Geltz",24,101,0.237623762376238,0.373319957097998
"Gonzalez Germen",41,154,0.266233766233766,0.413426817934868
"Kyle Gibson",175,587,0.298126064735945,0.516610764587846
"Ken Giles",60,256,0.234375,0.421011767236801
"Sean Gilmartin",21,70,0.3,0.336261551253605
"Chris Gimenez",4,13,0.307692307692308,0.303413909856115
"Lucas Giolito",26,88,0.295454545454545,0.345737345817115
"Chad Girodo",11,41,0.268292682926829,0.332525417552499
"Mychal Givens",59,268,0.220149253731343,0.435519987166503
"Tyler Glasnow",22,88,0.25,0.374037511853197
"Koda Glover",15,75,0.2,0.408570659199254
"Zack Godley",86,298,0.288590604026846,0.445705388478406
"Erik Goeddel",33,141,0.234042553191489,0.399148551517836
"David Goforth",18,51,0.352941176470588,0.300467068599414
"Ryan Goins",2,4,0.5,0.223924965278183
"Jeanmar Gomez",78,270,0.288888888888889,0.411710979176344
"Chi Chi Gonzalez",21,52,0.403846153846154,0.275097644371033
"Gio Gonzalez",179,684,0.261695906432749,0.720841748720807
"Miguel Gonzalez",132,519,0.254335260115607,0.496138069923479
"Severino Gonzalez",40,140,0.285714285714286,0.396839788398311
"Nick Goody",30,113,0.265486725663717,0.359344841289614
"Tom Gorzelanny",4,13,0.307692307692308,0.301317568276834
"Trevor Gott",6,24,0.25,0.412390282233703
"Matt Grace",1,10,0.1,0.375222530598467
"J.R. Graham",3,8,0.375,0.269122125642618
"Kendall Graveman",196,723,0.271092669432918,0.553286276696319
"Jon Gray",153,630,0.242857142857143,0.597234801989676
"Sonny Gray",133,465,0.286021505376344,0.453720145736436
"Chad Green",49,180,0.272222222222222,0.388284220357212
"Shane Greene",58,226,0.256637168141593,0.402346412624781
"Luke Gregerson",38,208,0.182692307692308,0.431730094581972
"Zack Greinke",161,615,0.261788617886179,0.715678940399009
"A.J. Griffin",116,453,0.2560706401766,0.478493764552047
"Jason Grilli",44,214,0.205607476635514,0.423977422116144
"Justin Grimm",47,201,0.233830845771144,0.518127642483849
"Robert Gsellman",42,163,0.257668711656442,0.395810174888443
"Mayckol Guaipe",8,29,0.275862068965517,0.324375835337949
"Deolis Guerra",52,209,0.248803827751196,0.421514232090165
"Javy Guerra",5,22,0.227272727272727,0.341883452920722
"Junior Guerra",94,441,0.213151927437642,0.641572267872823
"Tayron Guerrero",3,8,0.375,0.269108386030781
"Jason Gurka",16,42,0.380952380952381,0.286938043140511
"Jandel Gustave",13,56,0.232142857142857,0.362852840814706
"Jesse Hahn",57,182,0.313186813186813,0.354197865799287
"David Hale",4,10,0.4,0.263589956019682
"Cody Hall",4,13,0.307692307692308,0.301438418426149
"Cole Hamels",185,760,0.243421052631579,0.590233650731967
"Jason Hammel",148,620,0.238709677419355,1
"Brad Hand",63,323,0.195046439628483,0.480493930824519
"J.A. Happ",168,726,0.231404958677686,0.587083140293094
"Blaine Hardy",25,99,0.252525252525253,0.361508967942817
"Lucas Harrell",46,175,0.262857142857143,0.390586226122996
"Will Harris",52,236,0.220338983050847,0.421462673026059
"Donnie Hart",12,62,0.193548387096774,0.375526475461803
"Matt Harvey",111,367,0.302452316076294,0.528020559445662
"Chris Hatcher",40,158,0.253164556962025,0.385992409612536
"Steve Hathaway",18,59,0.305084745762712,0.330372377411436
"Drew Hayes",15,42,0.357142857142857,0.371676426250915
"Andrew Heaney",7,25,0.28,0.321380366499211
"Ben Heller",11,34,0.323529411764706,0.30707820220738
"Jeremy Hellickson",173,711,0.243319268635724,0.732823893281757
"Heath Hembree",51,205,0.248780487804878,0.40642344961926
"Jim Henderson",34,137,0.248175182481752,0.412885250677801
"Kyle Hendricks",142,686,0.206997084548105,0.679762862048736
"Liam Hendriks",69,256,0.26953125,0.406864366344724
"David Hernandez",77,285,0.270175438596491,0.426054587968684
"Felix Hernandez",138,577,0.239168110918544,0.523027077197998
"Frank Herrmann",20,62,0.32258064516129,0.395786470975484
"Kelvin Herrera",57,266,0.214285714285714,0.438867680845569
"Keith Hessler",24,88,0.272727272727273,0.354122223350824
"Chris Heston",9,22,0.409090909090909,0.273310964728006
"Rich Hill",77,395,0.19493670886076,0.509301232188388
"Dalier Hinojosa",10,40,0.25,0.342306824379502
"Luke Hochevar",31,137,0.226277372262774,0.387861394282125
"Jeff Hoffman",37,129,0.286821705426357,0.371284406462416
"Bryan Holaday",0,4,0,0.37284712384591
"Jonathan Holder",8,31,0.258064516129032,0.335405905775178
"Derek Holland",116,421,0.275534441805226,0.462270005330322
"Tyler Holt",0,3,0,0.358109249056618
"J.J. Hoover",29,84,0.345238095238095,0.31885535102302
"TJ House",6,12,0.5,0.224998388684397
"J.P. Howell",56,199,0.281407035175879,0.424749045397823
"Jared Hoying",1,4,0.25,0.29805364006982
"James Hoyt",16,79,0.20253164556962,0.3822221016489
"Daniel Hudson",65,242,0.268595041322314,0.434719579439761
"David Huff",13,28,0.464285714285714,0.243770942720634
"Jared Hughes",62,224,0.276785714285714,0.412746279334589
"Phil Hughes",76,243,0.312757201646091,0.375943408749646
"Tommy Hunter",35,128,0.2734375,0.36433647517579
"Jason Hursh",4,8,0.5,0.228875726635876
"Drew Hutchison",28,92,0.304347826086957,0.363459554575342
"Raisel Iglesias",63,291,0.216494845360825,0.470013098483831
"Hisashi Iwakuma",218,772,0.282383419689119,0.552031645870344
"Edwin Jackson",92,325,0.283076923076923,0.456450133796793
"Luke Jackson",22,53,0.415094339622642,0.272305938061067
"Kenley Jansen",35,234,0.14957264957265,0.479762316131784
"Jeremy Jeffress",55,216,0.25462962962963,0.431268115737039
"Tyrell Jenkins",55,197,0.279187817258883,0.40242638499577
"Dan Jennings",57,220,0.259090909090909,0.401046771323173
"Kevin Jepsen",62,197,0.314720812182741,0.36391738362047
"Ubaldo Jimenez",150,560,0.267857142857143,0.507022994455549
"Erik Johnson",46,132,0.348484848484849,0.344657773825941
"Jim Johnson",57,242,0.235537190082645,0.432354878843851
"Steve Johnson",13,63,0.206349206349206,0.371884989603749
"Nate Jones",48,252,0.19047619047619,0.451593224969133
"Taylor Jungmann",30,103,0.29126213592233,0.365831020468803
"Tommy Kahnle",21,99,0.212121212121212,0.396566861347164
"Nathan Karns",95,367,0.258855585831063,0.44410448018335
"Scott Kazmir",133,526,0.252851711026616,0.62552093996644
"Keone Kela",30,127,0.236220472440945,0.384884454968377
"Casey Kelly",30,92,0.326086956521739,0.32946105080728
"Joe Kelly",44,158,0.278481012658228,0.372442380173151
"Shawn Kelley",41,211,0.194312796208531,0.452946178375576
"Ian Kennedy",173,733,0.236016371077763,0.602763391608002
"Logan Kensing",8,19,0.421052631578947,0.258688364087418
"Clayton Kershaw",97,526,0.184410646387833,0.706745445030237
"Dallas Keuchel",168,648,0.259259259259259,0.533885770615577
"Dean Kiekhefer",24,88,0.272727272727273,0.357428371310477
"Craig Kimbrel",28,184,0.152173913043478,0.448665641234904
"Brandon Kintzler",59,214,0.275700934579439,0.386610778881734
"Michael Kirkman",7,14,0.5,0.22580715745763
"Phil Klein",23,73,0.315068493150685,0.323593968853613
"Corey Kluber",170,788,0.215736040609137,0.646526804474926
"Corey Knebel",32,127,0.251968503937008,0.377721635039532
"Matt Koch",9,62,0.145161290322581,0.433786170652314
"Tom Koehler",176,675,0.260740740740741,0.627586418965077
"George Kontos",42,192,0.21875,0.446522159065826
"Erik Kratz",5,11,0.454545454545455,0.242683689175
"Ian Krol",54,199,0.271356783919598,0.438564584191366
"Chad Kuhl",73,273,0.267399267399267,0.43902489993053
"John Lackey",146,670,0.217910447761194,0.622889548987798
"Tyler Ladendorf",1,4,0.25,0.298078498763272
"Ryan LaMarre",2,5,0.4,0.255657941698413
"John Lamb",84,277,0.303249097472924,0.413735433851841
"Mat Latos",74,271,0.273062730627306,0.419393417310948
"Derek Law",44,205,0.214634146341463,0.5205749312412
"Tom Layne",37,161,0.229813664596273,0.39289521754087
"Mike Leake",203,705,0.287943262411348,0.677199924700783
"Wade LeBlanc",59,239,0.246861924686192,0.421829275534812
"Jose Leclerc",11,52,0.211538461538462,0.371942349446343
"Arnold Leon",3,10,0.3,0.309885219361651
"Dominic Leone",45,115,0.391304347826087,0.308269068387157
"Jon Lester",154,730,0.210958904109589,0.769884945631296
"Colby Lewis",103,437,0.235697940503432,0.479108509290301
"Adam Liberatore",34,155,0.219354838709677,0.484400903312147
"Pat Light",22,74,0.297297297297297,0.334317462709795
"Tim Lincecum",68,172,0.395348837209302,0.315521813183231
"Francisco Liriano",157,624,0.251602564102564,0.590773403756517
"Kyle Lobstein",25,95,0.263157894736842,0.359204989387423
"Jeff Locke",151,506,0.298418972332016,0.537022873440443
"Adam Loewen",7,22,0.318181818181818,0.304370289428414
"Boone Logan",27,163,0.165644171779141,0.441370646183278
"Kyle Lohse",15,42,0.357142857142857,0.295286162177062
"Javier Lopez",24,100,0.24,0.373169063020187
"Reynaldo Lopez",47,173,0.271676300578035,0.409626655736384
"Michael Lorenzen",41,183,0.224043715846995,0.447231510534702
"Aaron Loup",15,52,0.288461538461538,0.328408700421307
"Mark Lowe",57,196,0.290816326530612,0.381345633319981
"Cory Luebke",15,39,0.384615384615385,0.282893300377728
"Seth Lugo",49,223,0.219730941704036,0.449294917279956
"Jordan Lyles",69,237,0.291139240506329,0.427865225573076
"Tyler Lyons",35,171,0.204678362573099,0.497325037913034
"Ryan Madson",63,245,0.257142857142857,0.41422035910813
"Kenta Maeda",150,655,0.229007633587786,0.732758519270601
"Matt Magill",5,14,0.357142857142857,0.282362891618439
"Damien Magnifico",2,10,0.2,0.345099127948524
"Greg Mahle",23,73,0.315068493150685,0.357325239041156
"Sean Manaea",135,545,0.247706422018349,0.515754506002725
"Seth Maness",34,124,0.274193548387097,0.407641962825643
"Jeff Manship",40,166,0.240963855421687,0.392953020004272
"Joe Mantiply",7,13,0.538461538461538,0.210308626465469
"Jhan Marinez",62,239,0.259414225941423,0.430853691979042
"Michael Mariot",18,81,0.222222222222222,0.386804839335668
"Justin Marks",7,33,0.212121212121212,0.357247825626718
"Matt Marksberry",5,15,0.333333333333333,0.292095894617193
"German Marquez",28,86,0.325581395348837,0.362334536813398
"Evan Marshall",28,70,0.4,0.311115404753992
"Carlos Martinez",169,724,0.233425414364641,0.753815387535392
"Cody Martin",28,94,0.297872340425532,0.340833978314432
"Kelvin Marte",5,15,0.333333333333333,0.294180608028044
"Nick Martinez",45,155,0.290322580645161,0.363326760361302
"Rafael Martin",0,11,0,0.41625505986381
"Brian Matusz",17,41,0.414634146341463,0.277183854296985
"Steven Matz",129,502,0.256972111553785,0.553782531414917
"Brandon Maurer",65,273,0.238095238095238,0.464940916393968
"Mike Mayers",16,30,0.533333333333333,0.219405100141672
"Trevor May",39,168,0.232142857142857,0.395195582241271
"Vin Mazzaro",7,11,0.636363636363636,0.174145977470678
"Zach McAllister",53,207,0.256038647342995,0.416854760609467
"Brandon McCarthy",29,140,0.207142857142857,0.405374206175385
"Kevin McCarthy",11,35,0.314285714285714,0.311628977957553
"Lance McCullers",80,307,0.260586319218241,0.437763558698724
"T.J. McFarland",33,97,0.34020618556701,0.319722006416361
"Jake McGee",56,186,0.301075268817204,0.444471224987958
"Dustin McGowan",49,242,0.202479338842975,0.491092093824767
"Collin McHugh",206,730,0.282191780821918,0.599400373436978
"Kris Medlen",30,97,0.309278350515464,0.332066093620543
"Adalberto Mejia",5,11,0.454545454545455,0.242084126213082
"Mark Melancon",52,255,0.203921568627451,0.599851289911048
"Tim Melville",16,42,0.380952380952381,0.286048824173627
"Yohander Mendez",5,15,0.333333333333333,0.293061201043247
"Daniel Mengden",83,292,0.284246575342466,0.49762482355475
"Ryan Merritt",6,36,0.166666666666667,0.382672571234872
"Alex Meyer",25,98,0.255102040816327,0.365926733038739
"Wade Miley",187,649,0.288135593220339,0.528320986919998
"Andrew Miller",42,262,0.16030534351145,0.478244833918574
"Alec Mills",3,13,0.230769230769231,0.338621160312992
"Justin Miller",50,168,0.297619047619048,0.416204904064919
"Shelby Miller",127,410,0.309756097560976,0.468974158849298
"Tom Milone",84,281,0.298932384341637,0.472228067862678
"Juan Minaya",10,40,0.25,0.342126660319796
"Ariel Miranda",47,212,0.221698113207547,0.420620877127984
"Bryan Mitchell",26,94,0.276595744680851,0.349399092965321
"Dustin Molleken",12,36,0.333333333333333,0.302989853111933
"Miguel Montero",4,8,0.5,0.22620598452734
"Mike Montgomery",79,361,0.218836565096953,0.478824673502121
"Rafael Montero",23,77,0.298701298701299,0.346537702938766
"Matt Moore",184,752,0.24468085106383,0.627288497419344
"Franklin Morales",3,14,0.214285714285714,0.337886958265871
"Adam Morgan",141,466,0.302575107296137,0.534859755003916
"Mike Morin",52,208,0.25,0.421699117977651
"Shawn Morimando",9,22,0.409090909090909,0.264871822002242
"A.J. Morris",9,38,0.236842105263158,0.346574204045828
"Brandon Morrow",19,62,0.306451612903226,0.33202089758103
"Bryan Morris",15,63,0.238095238095238,0.358501876809206
"Charlie Morton",15,62,0.241935483870968,0.36907505942711
"Jon Moscot",26,89,0.292134831460674,0.341707562685772
"Jason Motte",28,98,0.285714285714286,0.345025071836872
"Taylor Motter",1,2,0.5,0.222986719815537
"Peter Moylan",42,167,0.251497005988024,0.391582293487935
"Conor Mullee",0,9,0,0.408049662935821
"Colton Murray",34,123,0.276422764227642,0.386735109885557
"Joe Musgrove",59,236,0.25,0.411774078622281
"Chris Narveson",10,35,0.285714285714286,0.327402859404202
"Joe Nathan",5,24,0.208333333333333,0.350751044911153
"Zach Neal",72,272,0.264705882352941,0.426555791870144
"Jimmy Nelson",186,693,0.268398268398268,0.644717222389551
"Hector Neris",59,292,0.202054794520548,0.465981472844327
"Pat Neshek",33,170,0.194117647058824,0.422619582095688
"Juan Nicasio",117,449,0.260579064587973,0.575044717398835
"Justin Nicolino",96,313,0.306709265175719,0.419355655813347
"Jon Niese",145,489,0.296523517382413,0.488515325025101
"Aaron Nola",116,439,0.264236902050114,0.527567133240944
"Ricky Nolasco",202,756,0.267195767195767,0.583798205924984
"Bud Norris",116,437,0.265446224256293,0.619376019563775
"Daniel Norris",75,277,0.270758122743682,0.407465312060425
"Ivan Nova",175,636,0.275157232704403,0.57924978763906
"Vidal Nuno",67,232,0.288793103448276,0.394098757734365
"Brett Oberholtzer",85,289,0.294117647058824,0.425932735204482
"Scott Oberg",26,101,0.257425742574257,0.363786030755705
"Darren O'Day",25,117,0.213675213675214,0.465503503572885
"Jake Odorizzi",170,706,0.240793201133144,0.557910508727659
"Eric O'Flaherty",39,122,0.319672131147541,0.341970619051025
"Alexi Ogando",32,117,0.273504273504274,0.361460746582071
"Nefi Ogando",10,56,0.178571428571429,0.38878916553378
"Ross Ohlendorf",59,249,0.236947791164659,0.670537324800176
"Seung Hwan Oh",55,290,0.189655172413793,0.475571650675392
"Steven Okert",14,54,0.259259259259259,0.349596398681201
"Tyler Olson",3,10,0.3,0.299181536702103
"Logan Ondrusek",9,26,0.346153846153846,0.293423562046921
"Ryan O'Rourke",18,87,0.206896551724138,0.392353852915721
"Josh Osich",31,136,0.227941176470588,0.403769725514692
"Sean O'Sullivan",30,89,0.337078651685393,0.316643024559249
"Roberto Osuna",55,267,0.205992509363296,0.461246449496431
"Dan Otero",54,256,0.2109375,0.442104098758121
"Adam Ottavino",18,98,0.183673469387755,0.397946441077747
"Dillon Overton",48,118,0.406779661016949,0.314718223879314
"Henry Owens",23,81,0.283950617283951,0.341341759673739
"Jonathan Papelbon",37,137,0.27007299270073,0.370408433995906
"Blake Parker",17,68,0.25,0.353787469608471
"Bobby Parnell",7,22,0.318181818181818,0.302497507946661
"Curtis Partch",2,4,0.5,0.223291644580753
"Spencer Patton",20,86,0.232558139534884,0.379616231072251
"David Paulino",6,25,0.24,0.338732340141933
"James Paxton",134,480,0.279166666666667,0.471663366812505
"James Pazos",7,16,0.4375,0.251594641995272
"Brad Peacock",21,113,0.185840707964602,0.404208467850224
"Jake Peavy",134,476,0.281512605042017,0.586168980996894
"Mike Pelfrey",160,482,0.33195020746888,0.422259673094098
"Ariel Pena",5,9,0.555555555555556,0.204114462481435
"Felix Pena",5,32,0.15625,0.383858335628583
"Joel Peralta",30,109,0.275229357798165,0.353009555070107
"Wily Peralta",152,498,0.305220883534137,0.509923051880473
"Wandy Peralta",11,31,0.354838709677419,0.29649410318733
"Luis Perdomo",187,604,0.309602649006623,0.547996560747874
"Martin Perez",205,758,0.270448548812665,0.584668841628914
"Oliver Perez",38,153,0.248366013071895,0.416276669251287
"Williams Perez",57,210,0.271428571428571,0.397261538008672
"Glen Perkins",5,10,0.5,0.225054572026261
"Yusmeiro Petit",67,246,0.272357723577236,0.629948663555765
"Jake Petricka",8,30,0.266666666666667,0.330580360618381
"Josh Phegley",0,2,0,0.334595868014817
"David Phelps",61,309,0.197411003236246,0.502157589272638
"Zach Phillips",8,27,0.296296296296296,0.318237457403899
"Branden Pinder",3,5,0.6,0.191506326303223
"Michael Pineda",184,693,0.265512265512266,0.536903422413698
"Adam Plutko",5,16,0.3125,0.301187886721477
"Drew Pomeranz",137,631,0.217115689381933,0.68048723724913
"Rick Porcello",193,840,0.229761904761905,0.606107168123897
"Brooks Pounders",19,54,0.351851851851852,0.310065237627073
"Ryan Pressly",79,297,0.265993265993266,0.424007485025495
"David Price",227,879,0.258248009101251,0.619996902090189
"Matt Purke",20,72,0.277777777777778,0.340641055538154
"Zach Putnam",25,101,0.247524752475248,0.365391648256078
"Kevin Quackenbush",55,227,0.242290748898678,0.500731719141285
"Chad Qualls",43,141,0.304964539007092,0.438343160183354
"Jose Quintana",192,779,0.246469833119384,0.597449756846701
"Erasmo Ramirez",90,339,0.265486725663717,0.428799870976157
"J.C. Ramirez",77,300,0.256666666666667,0.428934789725136
"Jose Ramirez",26,118,0.220338983050847,0.466160631885274
"Neil Ramirez",22,86,0.255813953488372,0.361421569146965
"Noe Ramirez",16,49,0.326530612244898,0.30992403560008
"A.J. Ramos",52,233,0.223175965665236,0.431012279772364
"Cesar Ramos",60,188,0.319148936170213,0.362238561252536
"Edubray Ramos",36,148,0.243243243243243,0.39633597028852
"Anthony Ranaudo",36,128,0.28125,0.361461911286327
"Cory Rasmus",25,96,0.260416666666667,0.35721297828743
"Josh Ravin",2,31,0.0645161290322581,0.421833089945662
"Robbie Ray",185,694,0.26657060518732,0.670157298915302
"Colin Rea",102,395,0.258227848101266,0.486131541646927
"Addison Reed",60,286,0.20979020979021,0.470443844166956
"Cody Reed",67,204,0.32843137254902,0.375786274797148
"Alex Reyes",33,164,0.201219512195122,0.480717979322593
"Jo-Jo Reyes",3,9,0.333333333333333,0.285999404225819
"Matt Reynolds",7,24,0.291666666666667,0.352432315373193
"Clayton Richard",81,270,0.3,0.489712822758743
"Garrett Richards",31,130,0.238461538461538,0.395723809437304
"Felipe Rivero",66,286,0.230769230769231,0.468417488651287
"Donn Roach",7,24,0.291666666666667,0.317204208929399
"Tanner Roark",173,758,0.228232189973615,0.789107362378841
"David Robertson",53,229,0.231441048034935,0.427738396197216
"Hansel Robles",69,288,0.239583333333333,0.460727956044306
"Brady Rodgers",15,39,0.384615384615385,0.282824097028157
"Fernando Rodney",54,237,0.227848101265823,0.459468938664758
"Carlos Rodon",176,644,0.273291925465839,0.528822742059197
"Eduardo Rodriguez",99,410,0.241463414634146,0.471998974446434
"Francisco Rodriguez",45,210,0.214285714285714,0.418283166761538
"Fernando Rodriguez",30,143,0.20979020979021,0.40005203243186
"Joely Rodriguez",8,34,0.235294117647059,0.348093558228992
"Chaz Roe",22,107,0.205607476635514,0.393555367189489
"Taylor Rogers",63,242,0.260330578512397,0.419575998539844
"David Rollins",12,40,0.3,0.320244373559628
"Enny Romero",42,172,0.244186046511628,0.393875796550458
"Andrew Romine",0,2,0,0.33500651591505
"Sergio Romo",26,110,0.236363636363636,0.40119505028751
"Bruce Rondon",23,127,0.181102362204724,0.405909923246727
"Hector Rondon",42,187,0.224598930481283,0.413357871925223
"Jorge Rondon",9,19,0.473684210526316,0.252281914194242
"Trevor Rosenthal",48,164,0.292682926829268,0.38448216002005
"Joe Ross",108,402,0.26865671641791,0.551497464321662
"Robbie Ross",47,206,0.228155339805825,0.414096625652426
"Tyson Ross",9,24,0.375,0.282351894841062
"Michael Roth",10,21,0.476190476190476,0.236953177145803
"Ben Rowen",10,19,0.526315789473684,0.217423378328985
"Chris Rusin",82,317,0.258675078864353,0.450101447420718
"James Russell",9,21,0.428571428571429,0.258233698435123
"Kyle Ryan",48,205,0.234146341463415,0.408173710046961
"Hyun-Jin Ryu",8,22,0.363636363636364,0.285039677168339
"Marc Rzepczynski",46,180,0.255555555555556,0.386397941455032
"CC Sabathia",172,687,0.250363901018923,0.58073296881899
"Danny Salazar",121,515,0.23495145631068,0.511410330709401
"Fernando Salas",63,272,0.231617647058824,0.439672182023865
"Chris Sale",190,837,0.22700119474313,0.693159599422734
"Jeff Samardzija",190,764,0.24869109947644,0.653146636003827
"Adrian Sampson",8,20,0.4,0.268041209035696
"Keyvius Sampson",40,157,0.254777070063694,0.415683099284246
"Anibal Sanchez",171,600,0.285,0.576882870215499
"Aaron Sanchez",161,719,0.223922114047288,0.580920531574864
"Ervin Santana",168,685,0.245255474452555,0.558120897153303
"Hector Santiago",169,690,0.244927536231884,0.571955167493828
"Luis Sardinas",0,3,0,0.357363744483061
"Warwick Saupold",17,43,0.395348837209302,0.277068708480116
"Rob Scahill",34,133,0.255639097744361,0.396427005793379
"Max Scherzer",165,830,0.198795180722892,0.821204703374608
"Tanner Scheppers",6,32,0.1875,0.36695349980547
"A.J. Schugel",41,190,0.215789473684211,0.433604973149024
"Bo Schultz",17,64,0.265625,0.34313247457067
"Patrick Schuster",15,40,0.375,0.287490695334485
"Robby Scott",6,22,0.272727272727273,0.322749099066812
"Evan Scribner",5,45,0.111111111111111,0.408439420978271
"Luis Severino",78,284,0.274647887323944,0.415379937341774
"Bryan Shaw",56,243,0.230452674897119,0.41667838536819
"James Shields",208,723,0.287690179806362,0.56839153048725
"Braden Shipley",80,273,0.293040293040293,0.423164726600437
"Matt Shoemaker",166,624,0.266025641025641,0.514185870307496
"Chasen Shreve",29,125,0.232,0.384694900358355
"J.B. Shuck",1,4,0.25,0.297921713408851
"Kevin Siegrist",42,218,0.192660550458716,0.446865943718473
"Shae Simmons",6,25,0.24,0.341220434935996
"Alfredo Simon",89,255,0.349019607843137,0.374772329119585
"Tony Sipp",52,175,0.297142857142857,0.362685959056441
"Tyler Skaggs",51,191,0.267015706806283,0.382270847792102
"Blake Smith",7,20,0.35,0.28937338348217
"Chris Smith",14,85,0.164705882352941,0.413189275432325
"Carson Smith",2,10,0.2,0.338027589439521
"Joe Smith",47,191,0.246073298429319,0.399337300071678
"Josh Smith",57,231,0.246753246753247,0.58745816838093
"Jake Smith",5,15,0.333333333333333,0.294516362373138
"Will Smith",31,146,0.212328767123288,0.438874540358595
"Josh Smoker",16,60,0.266666666666667,0.354627650455195
"Drew Smyly",174,671,0.259314456035768,0.554483259087927
"Blake Snell",93,346,0.26878612716763,0.443418286097816
"Miguel Socolovich",5,58,0.0862068965517241,0.443306506408095
"Sammy Solis",31,147,0.210884353741497,0.402456815383211
"Layne Somsen",6,13,0.461538461538462,0.240480540151045
"Joakim Soria",70,258,0.271317829457364,0.408479745782616
"Robert Stephenson",41,147,0.27891156462585,0.455978233804864
"Brock Stewart",33,113,0.292035398230089,0.36037262527756
"Drew Storen",56,207,0.270531400966184,0.400519976865671
"Chris Stratton",11,38,0.289473684210526,0.326783741349189
"Dan Straily",154,699,0.220314735336195,0.784559644550259
"Matt Strahm",13,75,0.173333333333333,0.394771316889225
"Stephen Strasburg",119,546,0.217948717948718,0.663280134101587
"Huston Street",31,92,0.33695652173913,0.317546445231194
"Hunter Strickland",50,226,0.221238938053097,0.51061748031108
"Ross Stripling",96,384,0.25,0.534942677801745
"Marcus Stroman",209,792,0.263888888888889,0.584884388468013
"Pedro Strop",27,166,0.162650602409639,0.506747466439624
"Daniel Stumpf",9,22,0.409090909090909,0.26522490812579
"Tyler Sturdevant",18,66,0.272727272727273,0.339273183545256
"Albert Suarez",84,318,0.264150943396226,0.506376939871459
"Eric Surkamp",55,168,0.327380952380952,0.344639001939873
"Brent Suter",25,84,0.297619047619048,0.354644032544874
"Anthony Swarzak",28,115,0.243478260869565,0.37649559836288
"Noah Syndergaard",168,692,0.242774566473988,0.679155717704517
"Jameson Taillon",99,393,0.251908396946565,0.576371481358427
"Masahiro Tanaka",179,759,0.235836627140975,0.579835194289579
"Junichi Tazawa",47,192,0.244791666666667,0.473582605120882
"Julio Teheran",157,703,0.223328591749644,0.687836335222943
"Ruben Tejada",2,5,0.4,0.255820403378225
"Nick Tepesch",7,19,0.368421052631579,0.282597025336723
"Ryan Tepera",17,73,0.232876712328767,0.365296251498113
"Jake Thompson",53,200,0.265,0.412657905886193
"Matt Thornton",22,70,0.314285714285714,0.351388605904483
"Tyler Thornburg",38,235,0.161702127659574,0.465838669634609
"Chris Tillman",155,636,0.243710691823899,0.535623471897139
"Ashur Tolliver",5,19,0.263157894736842,0.324072271716102
"Shawn Tolleson",53,157,0.337579617834395,0.342908131549383
"Josh Tomlin",187,694,0.269452449567723,0.540797790442689
"Michael Tonkin",80,286,0.27972027972028,0.476676239025738
"Carlos Torres",65,300,0.216666666666667,0.479617535269027
"Jose Torres",3,12,0.25,0.336818327677112
"Blake Treinen",51,228,0.223684210526316,0.447480323001949
"Andrew Triggs",56,220,0.254545454545455,0.404794932976551
"Nick Tropeano",70,259,0.27027027027027,0.401171752603266
"Chin-hui Tsao",1,6,0.166666666666667,0.335845774048219
"Sam Tuivailala",12,39,0.307692307692308,0.318603881425122
"Jacob Turner",33,102,0.323529411764706,0.332079295405248
"Koji Uehara",34,170,0.2,0.43416877107192
"Jose Urena",91,331,0.274924471299094,0.457775875473403
"Julio Urias",81,296,0.273648648648649,0.456504250315992
"Jose Valdez",17,84,0.202380952380952,0.386790278391768
"Cesar Vargas",41,136,0.301470588235294,0.357255074256194
"Jason Vargas",8,44,0.181818181818182,0.375918107906399
"Vincent Velasquez",129,491,0.262729124236253,0.537319932007542
"Pat Venditte",24,86,0.27906976744186,0.345613667766768
"Yordano Ventura",190,723,0.262793914246196,0.57885839403354
"Drew VerHagen",28,81,0.345679012345679,0.314674033681165
"Justin Verlander",171,827,0.20677146311971,0.663265131271781
"Logan Verrett",100,353,0.28328611898017,0.518453349997576
"Carlos Villanueva",89,300,0.296666666666667,0.421741410479117
"Nick Vincent",53,229,0.231441048034935,0.418072717549697
"Arodys Vizcaino",37,154,0.24025974025974,0.393808200909244
"Ryan Vogelsong",80,315,0.253968253968254,0.517321671455929
"Edinson Volquez",217,758,0.286279683377309,0.54675913960295
"Michael Wacha",159,551,0.288566243194192,0.555559200768426
"Tyler Wagner",9,38,0.236842105263158,0.350424777242041
"Adam Wainwright",220,766,0.287206266318538,0.623633027641036
"Taijuan Walker",129,522,0.247126436781609,0.495980059426788
"Chien-Ming Wang",60,210,0.285714285714286,0.387573578055839
"Adam Warren",59,242,0.243801652892562,0.448739384965776
"Tony Watson",52,242,0.214876033057851,0.440728436816706
"Jered Weaver",209,704,0.296875,0.572578426751367
"Luke Weaver",46,148,0.310810810810811,0.431950086085589
"Daniel Webb",2,5,0.4,0.25551024046853
"Ryan Webb",27,73,0.36986301369863,0.305113273248711
"Ryan Weber",46,149,0.308724832214765,0.362256795239613
"J.B. Wendelken",18,55,0.327272727272727,0.332958140120622
"Rob Whalen",20,92,0.217391304347826,0.398922721441331
"Chase Whitley",13,58,0.224137931034483,0.361744855506663
"Tyler White",1,4,0.25,0.297881407098239
"Joe Wieland",9,23,0.391304347826087,0.273071917218511
"Tom Wilhelmsen",60,187,0.320855614973262,0.356505818057733
"Jerome Williams",22,72,0.305555555555556,0.414013348765731
"Trevor Williams",19,56,0.339285714285714,0.320449723798707
"Alex Wilson",68,270,0.251851851851852,0.419306425578637
"Justin Wilson",61,232,0.262931034482759,0.401342881238743
"Tyler Wilson",110,382,0.287958115183246,0.47096544368748
"Alex Wimmers",14,59,0.23728813559322,0.363012453530385
"Daniel Winkler",0,7,0,0.398995440669026
"Matt Wisler",159,613,0.259380097879282,0.635133240625665
"Chris Withrow",29,136,0.213235294117647,0.397276299495023
"Nick Wittgren",50,197,0.253807106598985,0.428625977518303
"Alex Wood",56,229,0.244541484716157,0.437914650222812
"Blake Wood",72,287,0.250871080139373,0.453532034031135
"Travis Wood",45,226,0.199115044247788,0.458631788329718
"Vance Worley",84,322,0.260869565217391,0.437111867816682
"Daniel Wright",57,162,0.351851851851852,0.349447785153915
"Mike Wright",81,287,0.282229965156794,0.406089813411387
"Steven Wright",138,587,0.235093696763203,0.519899481435162
"Kirby Yates",41,159,0.257861635220126,0.377978659782454
"Gabriel Ynoa",26,78,0.333333333333333,0.349414909101546
"Michael Ynoa",20,109,0.18348623853211,0.401061569601504
"Chris Young",104,357,0.291316526610644,0.429026550473136
"Madison Younginer",12,30,0.4,0.272745985296059
"Rob Zastryzny",12,58,0.206896551724138,0.375655395523221
"Brad Ziegler",67,257,0.260700389105058,0.491671521791798
"Jordan Zimmermann",118,416,0.283653846153846,0.437155700412063
"Tony Zych",10,48,0.208333333333333,0.364071562898022
